X,Y,FID,OBJECTID,Name,FAC_ID,ZIP,longitude,latitude,Address
-13419604.7752,5085274.9318,1,1,Alturas,F226,96101,-45859.172,386030.563,"903 West C Street
Alturas, CA 96101"
-13185265.2249,4062134.8462,2,2,Arleta,F209,91331,143161.203,-417616.563,"14400 Van Nuys Blvd.
Arleta, CA 91331"
-13228508.8418,4192690.2004,3,4,Arvin,F296,93203,106201.266,-311042,"317 Campus Drive
Arvin, CA 93203"
-13479057.1151,4708383.1536,4,5,Auburn,F277,95603,0,0,"11722 Enterprise Drive
Auburn, CA 95603"
-13249513.7277,4216764.2348,5,6,Bakersfield,F134,93301,88725.078,-291808.75,"3120 F Street
Bakersfield, CA 93301"
-13254441.591,4206573.6805,6,7,Bakersfield IBC/DSO,F429,93313,84899.1049,-300000.6488,"5800 District Blvd.
Bakersfield, CA 93313"
-13255884.0136,4207043.5303,7,8,Bakersfield Southwest,F261,93313,83587.57,-299879.5,"7000 Schirra Court
Bakersfield, CA 93313"
-13011905.4986,4018739.1857,8,9,Banning,F227,92220,0,0,"1034 West Ramsey St.
Suite B
Banning, CA 92220"
-13026554.395,4148516.7514,9,10,Barstow,F207,92311,0,0,"528 East Virginia Way
Barstow, CA 92311"
-13152358.3347,4024747.7092,10,11,Bell Gardens,F180,90201,171144.031,-448007,"6801 South Garfield Ave.
Bell Gardens, CA 90201"
-13150305.2062,4011833.5245,11,12,Bellflower,F160,90706,173001.953,-458532.813,"9520 East Artesia Blvd.
Bellflower, CA 90706"
-13181527.4942,4489650.9949,12,13,Bishop,F418,93514,140687.9517,-71630.2313,"1115 West Line Street
Bishop, CA  93514"
-12756801.1206,3975784.8554,13,14,Blythe,F239,92225,501509.344,-475934.938,"430B South Broadway
Blythe, CA 92225"
-12859906.8262,3892499.908,14,15,Brawley,F312,92227,418883.75,-549684.188,"1175 East Main Street
Brawley, CA 92227"
-13626130.1465,4535987.6487,15,16,Brisbane INV,F452,94005,-211880.9069,-33328.5539,"5 Thomas Melon Circle
Suite 168
San Francisco, CA*"
-13576844.7487,4435381.15,16,17,Capitola,F191,95010,-174485.797,-114274.445,"4200 Capitola Road
Capitola, CA 95010"
-13507875.3094,4668119.388,17,18,Carmichael,F157,95608,-116728.492,68253.07,"5209 North Avenue
Carmichael, CA 95608"
-13172319.128,3940449.3022,18,19,Catalina Travel Run,F397,90704,155637.9495,-518025.1086,"410 Avalon Canyon Road
Avalon, CA 90704"
-13564287.41,4830112.3922,19,20,Chico,F471,95926,-158484.6221,194601.7955,"107 Parmac Rd
Suite 1
Chico, CA 95926"
-13034072.1575,3849149.2222,20,21,Chula Vista,F181,91010,273815.094,-591504.375,"30 North Glover Avenue
Chula Vista, CA 91910"
-13153658.5676,4026945.0217,21,22,City of Commerce DSO,F378,90040,169903.7237,-446061.3496,"5801 E. Slauson Ave.
2nd Floor, Suite 250
Commerc*"
-13651460.3849,4716327.2563,22,23,Clearlake Travel Run,F356,95453,-228012.1183,108269.983,"Burns Valley Mall
14844 Olympic Drive
Clearlake, *"
-13322321.5463,4412589.9415,23,24,Clovis,F413,93612,28810.7662,-134198.4509,"2103 Shaw Avenue
Clovis, CA 93612"
-13398030.0835,4320336.8041,24,25,Coalinga,F381,93210,-32096.5743,-208161.5975,"406 East Elm Street
Coalinga, CA 93210"
-13581313.3157,4750854.3382,25,26,Colusa,F423,95932,-172923.1353,133869.4901,"1025 Bridge Street
Colusa, CA 95932"
-13159682.283,4012219.7395,26,27,Compton,F217,90221,165264.359,-458599.906,"2111 South Santa Fe Ave.
Compton, CA 90221"
-13587250.8326,4575874.508,27,28,Concord,F212,94520,-180351.094,-2612.437,"2070 Diamond Blvd.
Concord, CA 94520"
-13638586.2793,4570214.1971,28,29,Corte Madera,F135,94925,-220942.922,-6356.466,"75 Tamal Vista Blvd.
Corte Madera, CA 94925"
-13127400.412,3981113.835,29,30,Costa Mesa,F184,92627,192582.141,-483767.625,"650 West 19th Street
Costa Mesa, CA 92627"
-13824158.9972,5126844.5183,30,31,Crescent City,F222,95531,0,0,"1475 Parkway Drive
Crescent City, CA 95531"
-13181920.1631,4029097.9359,31,32,Culver City,F151,90066,146443.266,-444823.031,"11400 West Washington Blvd.
Los Angeles, CA 90066"
-13633615.632,4535612.8986,32,33,Daly City,F148,94015,-217581.188,-33695.008,"1500 Sullivan Avenue
Daly City, CA 94015"
-13550608.2495,4657317.093,33,34,Davis,F214,95616,-150216.672,60530.449,"505 Pole Line Road
Davis, CA 95618"
-13274166.2799,4268336.0382,34,35,Delano,F282,93215,68444.094,-250179.844,"631 Jefferson Street
Delano, CA 93215"
-13019911.3292,3871075.0936,35,36,El Cajon,F230,92021,285112,-572781.938,"1450 Graves Ave.
El Cajon, CA 92021"
-12865154.1651,3868092.1473,36,37,El Centro,F123,92243,415459.813,-570385.938,"233 North Imperial Ave.
El Centro, CA 92243"
-13615502.7116,4567570.1981,37,38,El Cerrito,F150,94530,-202768.094,-8849.869,"6400 Manila Avenue
El Cerrito, CA 94530"
-13140669.7889,4039606.0345,38,39,El Monte,F427,91731,180368.6479,-435466.9563,"4000 Arden Drive
El Monte, CA 91731"
-13143204.2701,4037731.8309,39,40,El Monte INV,F288,91731,178203.3637,-436992.668,"3204 Rosemead Blvd.
Suite 204, 202
El Monte, CA 9*"
-13179618.6823,4018209.3717,40,41,El Segundo DSO,F307,90245,0,0,"390 North Sepulveda Blvd.
Suite 2075, 2085
El Seg*"
-13589095.0692,4614334.5248,41,43,Fairfield,F412,94533,-181241.1589,27576.0987,"160 Serrano Drive
Fairfield, CA 94533"
-13595620.6388,4612016.3072,42,44,Fairfield IBC/OL,F436,94534,-186344.9296,25904.6757,"4630 Westamerica Drive
Fairlfied, CA 94534"
-13517313.2939,5015237.7457,43,45,Fall River Mills,F380,96028,-120192.3022,334624.4723,"43467 Highway 299 East
Fall River Mills, CA 96028"
-13488410.1179,4674959.6179,44,46,Folsom,F272,95630,0,0,"323 East Bidwell
Suite A
Folsom, CA 95630"
-13077480.9601,4043288.424,45,47,Fontana Hemlock,F441,92336,232909.5022,-431135.8079,"8026 Hemlock Ave
Fontana, CA 92336"
-13073946.1516,4041102.9286,46,48,Fontana DLPC,F177,92335,0,0,"16499 Merrill Avenue
Fontana, CA 92335"
-13075735.5287,4037878.0372,47,49,Fontana CDTC,F473,92335,234179.5048,-435422.0665,"10207 Poplar Ave
Fontana, CA 92335"
-13781826.7942,4784607.7522,48,50,Fort Bragg,F192,95437,-327071.281,164365.891,"410 South Franklin St.
Fort Bragg, CA 95437"
-13581775.2584,4516512.9286,49,51,Fremont,F187,94536,-176914.031,-49758.715,"4287 Central Avenue
Fremont, CA 94536"
-13338261.0138,4405304.3974,50,52,Fresno,F477,93728,16199.259,-140090.234,"655 West Olive Ave.
Fresno, CA 93728"
-13333462.5004,4396229.3843,51,54,Fresno CDTC,F435,93725,19946.8917,-147163.9629,"735 East North Street
Fresno, CA 93725"
-13333075.791,4398791.7043,52,55,Fresno DSO/INV/OL,F376,93706,20259.4896,-145336.032,"2510 S. East Avenue
Suite 310/100B/100A
Fresno, C*"
-13334804.3152,4415503.2587,53,56,Fresno North,F263,93710,18775.646,-132016.484,"6420 North Blackstone Ave.
Fresno, CA 93710"
-13129104.5902,4010962.7135,54,57,Fullerton,F165,92632,190653.406,-459087.688,"909 West Valencia Drive
Fullerton, CA 92832"
-13781414.7866,4883513.6112,55,58,Garberville,F320,95560,0,0,"1180 Evergreen Road
Redway, CA 95560"
-13165311.8848,4014985.8891,56,59,Gardena CDTC,F450,90248,0,0,"14825 S. Avalon Blvd.
Gardena, CA 90248"
-13531865.1795,4439329.404,57,60,Gilroy,F328,95020,0,0,"6984 Automall Parkway
Gilroy, CA 95020"
-13167241.7101,4051238.7355,58,61,Glendale,F113,91201,158295.031,-426386.125,"1335 West Glenoaks Blvd.
Glendale, CA 91201"
-13344611.1153,4086535.149,59,62,Goleta,F231,93117,11329.824,-398618.875,"7127 Hollister Ave.
Suite 24/26
Goleta, CA 93117"
-13473490.2164,4755470.6636,60,64,Grass Valley,F479,95945,-89103.391,135678.406,"890 Sutton Way
Grass Valley, CA 95945"
-13319999.5733,4343771.1587,61,66,Hanford,F216,93230,0,0,"701 W. Hanford Armona Rd.
Hanford, CA 93230"
-13173338.4838,4017464.3912,62,67,Hawthorne,F164,90250,0,0,"3700 W. El Segundo Blvd.
Hawthorne, CA 90250"
-13590711.6163,4531418.5819,63,68,Hayward,F149,94544,0,0,"150 Jackson Street
Hayward, CA 94544"
-13021015.2957,3992317.7081,64,69,Hemet,F253,92543,0,0,"1200 South State St.
Hemet, CA 92543"
-13514206.4362,4419353.8594,65,70,Hollister,F167,95023,-124507.695,-128022.305,"80 North Sally St.
Hollister, CA 95023"
-13172460.3062,4040287.1062,66,71,Hollywood & Cole (DL),F107,90038,154184.125,-435497.625,"803 Cole Ave.
Hollywood, CA 90038"
-12937078.1571,3992103.7128,67,72,Indio,F284,92201,350778.406,-469775.469,"44-480 Jackson St. 
Indio, CA 92201"
-13175463.8681,4024750.0264,68,73,Inglewood,F152,90302,151953.859,-448323.219,"621 North La Brea Ave.
Inglewood, CA 90302"
-13443433.8381,4627934.835,69,74,Jackson,F245,95642,-66616.016,36357.855,"201 Clinton Road
Suite 205
Jackson, CA 95642"
-13483825.1331,4331266.5951,70,75,King City,F417,93930,-101197.3005,-198852.3089,"101 East San Antonio
King City, CA 93930"
-13105943.3259,3977972.9152,71,76,Laguna Hills,F241,92653,0,0,"23535 Moulton Parkway
Laguna Hills, CA 92653"
-13188758.2082,4248039.9594,72,77,Lake Isabella,F285,93240,137788.453,-265733.844,"5520 Lake Isabella Blvd.
PO Box 469
Lake Isabella*"
-13684202.8089,4726812.2959,73,78,Lakeport,F385,95453,-253085.0402,117256.9101,"965 Parallel Drive
Lakeport, CA 95453"
-13151746.5664,4117155.4694,74,79,Lancaster,F443,93534,0,0,"721 West Avenue L6
Lancaster, CA 93534"
-13158298.5609,4037938.3185,75,80,Lincoln Park,F221,90031,165821.75,-437340,"3529 North Mission Road
Los Angeles, CA 90031"
-13497657.1346,4596207.2153,76,81,Lodi,F416,95240,-109640.6431,12115.4511,"1222 Pixley Parkway
Lodi, CA 95240"
-13409363.4141,4118239.4418,77,82,Lompoc,F456,93436,-41880.8677,-372233.4868,"1601 N. H Street
Lompoc, CA 93436"
-13152333.3377,4002465.0357,78,83,Long Beach,F305,90815,171406.8416,-466203.434,"3700 East Willow Street
Long Beach, CA 90815"
-13166782.1757,4031213.2989,79,84,Los Angeles,F237,90007,159040.641,-442879.625,"3615 South Hope St.
Los Angeles, CA 90007"
-13121706.8984,4042845.9858,80,86,Los Angeles Metro IBC/DSO/OL,F426,91724,196249.9313,-432353.6114,"1365 North Grand Ave.
Suites 100-102
Covina, CA 9*"
-13454386.4275,4447459.2025,81,87,Los Banos,F327,93635,0,0,"814 West L St.
Los Banos, CA 93635"
-13578534.2562,4471757.956,82,88,Los Gatos,F158,95030,-175202.578,-85382.258,"600 North Santa Cruz Ave.
Los Gatos, CA 95030"
-13366416.2603,4432112.5126,83,89,Madera,F268,93637,-6305.895,-118706.711,"1206 Maple St.
Madera, CA 93637"
-13495253.9271,4551325.8955,84,90,Manteca,F246,95336,-108020.914,-23391.414,"955 Davis St.
Manteca, CA 95337"
-13356091.3128,4508496.088,85,91,Mariposa,F220,95338,0,0,"5264 Highway 49 North
PO Box
Mariposa, CA 95338"
-13400921.8287,4404877.8068,86,93,Mendota Travel Run,F414,93640,-34104.2229,-140243.6112,"655 Quince St
Mendota, CA 93640"
-13413823.4405,4481193.9387,87,94,Merced,F337,95340,-44106.492,-79610.352,"1313 West 12th St.
Merced, CA 95341"
-13568957.2501,4500083.8018,88,95,Milpitas INV,F451,95035,-167252.8855,-62888.0733,"860 Hillview Ct, Ste 100
Milpitas, CA 95035"
-13187925.0711,4065420.3644,89,96,Mission Hills INV,F425,91345,140939.3732,-414861.129,"15455 San Fernando Mission Blvd.
Suite 305
Missio*"
-13468314.5895,4528568.2854,90,97,Modesto,F186,95354,-87330.086,-41502.047,"124 Burney Street
Modesto, CA 95354"
-13472759.1364,4532679.086,91,98,Modesto INV,F289,95350,0,0,"2005 Evergreen Ave.
Suite 500
Modesto, CA 95350"
-13149340.0624,4031406.4848,92,99,Montebello,F141,90640,173422.438,-442402.156,"424 North Wilcox Ave.
Montebello, CA 90640"
-13616088.3851,5057987.8914,93,100,Mount Shasta,F313,96067,-194123.828,368093.313,"154 Morgan Way
Mount Shasta, CA 96067"
-13592963.6177,4495086.8955,94,101,Mountain View IBC/CDL/DSO,F130,94040,-186365.484,-66630.672,"595 Showers Drive
Mountain View, CA 94040"
-13611485.4587,4615564.9907,95,102,Napa,F133,94558,0,0,"2550 Napa Valley
Corporate Drive
Napa, CA 94558"
-12756653.355,4140066.4115,96,103,Needles,F281,92363,0,0,"1040 East Broadway
Needles, CA 92363"
-13195047.5173,4079877.2567,97,104,Newhall,F176,91321,135019.906,-403220.625,"24427 Newhall Ave
Newhall, CA 91321"
-13086855.6031,4019170.0663,98,105,Norco,F299,91760,225513.063,-451585.781,"3201 Horseless Carriage Rd
Norco, CA 92860"
-13645262.8054,4594627.0621,99,106,Novato,F290,94947,-225696.344,12924.395,"936 7th St.
Suite A
Novato, CA 94945"
-13609891.1632,4556791.0117,100,107,Oakland,F103,94618,-198604.906,-17440.223,"5300 Claremont Ave.
Oakland, CA 94618"
-13602480.8163,4542701.2646,101,108,Oakland Coliseum,F159,94621,-192843.063,-28822.939,"501 85th Ave.
Oakland, CA 94621"
-13603603.1988,4543738.6892,102,109,Oakland DSO/INV,F428,94621,-193876.1767,-27577.4571,"7677 Oakport St. 
Suite 220
Oakland, CA 94621"
-13056478.0782,3919623.5206,103,110,Oceanside,F211,92056,252972.953,-533305.688,"4005 Plaza Drive
Oceanside, CA 92056"
-13123674.2902,3998663.3087,104,111,Orange DSO/OL,F445,92868,195428.4213,-468896.2417,"790 The City Drive
Suite 410 & 420
Orange, CA 928*"
-13123667.0115,3998787.071,105,112,Orange INV,F444,92868,195435.4304,-468873.9014,"750 The City Drive
Suite 200
Orange, CA 92868"
-13532561.543,4794143.7109,106,114,Oroville,F208,95965,-134420.469,166360.969,"775 Mitchell Ave.
Oroville, CA 95965"
-13266735.7611,4050727.6249,107,115,Oxnard,F195,93033,75895.227,-428000.938,"4050 South Saviers Rd.
Oxnard, CA 93033"
-13263237.7948,4058530.7187,108,116,Oxnard DSO,F432,93036,78774.0914,-421289.8185,"2051 Solar Dr.
Suite 125
Oxnard, CA 93036"
-12952743.9287,4000024.1738,109,117,Palm Desert,F437,92211,0,0,"74-740 Technology Drive
Palm Desert, CA 92211"
-12970844.9182,4006916.2298,110,118,Palm Springs,F235,92262,0,0,"950 North Farrell Dr.
Palm Springs, CA 92262"
-13143921.3278,4048315.6085,111,121,Pasadena,F124,91107,177745.313,-428408.344,"49 South Rosemead Blvd.
Pasadena, CA 91107"
-13435163.7312,4248903.8833,112,122,Paso Robles,F171,93446,-62306.898,-265933.594,"841 Park St.
Paso Robles, CA 93446"
-13652832.5062,4615809.1024,113,123,Petaluma,F258,94954,-231208.328,30010.035,"715 Southpoint Blvd.
Suite J
Petaluma, CA 94954"
-13566710.5933,4579284.9491,114,124,Pittsburg,F224,94565,-164199.844,-590.945,"1399 Buchanan Road
Pittsburg, CA 94565"
-13118019.7173,4016075.6119,115,125,Placentia IBC,F283,92870,0,0,"2390 North Rose Dr.
Placentia, CA 92870"
-13450187.5547,4683723.579,116,126,Placerville,F190,95667,-71571.766,79921.141,"2919 Cold Springs Rd.
Placerville, CA 95667"
-13570484.1187,4534334.9314,117,127,Pleasanton,F201,94588,0,0,"6300 West Las Positas Blvd.
Pleasanton, CA 94588"
-13107761.5067,4034457.6307,118,128,Pomona,F287,91766,207854.344,-439205.969,"1600 South Garey Ave.
Pomona, CA 91766"
-13248056.2934,4309343.0863,119,129,Porterville,F105,93257,0,0,"329 East Olive Ave.
Porterville, CA 93257"
-13028847.5428,3889971.0851,120,130,Poway,F387,92604,276973.1922,-557185.3082,"13461 Community Rd.
Poway, CA 92604"
-13458819.9135,4856449.3132,121,131,Quincy,F404,95971,-77153.3313,213515.6904,"1953 E. Main St.
Suite 3
Quincy, CA 95971"
-13091354.0588,4041843.4104,122,132,Rancho Cucamonga,F446,91730,221219.095,-432598.7606,"8629 Hellman AVe
Rancho Cucamonga, CA 91730"
-13016219.9394,3861531.6214,123,133,Rancho San Diego IBC/INV/CDL,F388,92019,288422.4536,-580523.5839,"1530 Hilton Head Rd.
Suite 101
El Cajon, CA 92019"
-13607564.3619,4891378.2876,124,134,Red Bluff,F262,96080,-190602.516,242081.984,"675 Monroe St.
Red Bluff, CA 96080"
-13623289.1295,4949970.0072,125,135,Redding,F129,96001,-201407.0055,286949.0184,"2135 Civic Center Dr.
Suite 20
Redding, CA 96001"
-13620356.2585,4948944.5331,126,136,Redding DSO,F403,96002,-199258.9873,286068.1406,"2650 Churn Creek Rd.
Redding, CA 96002"
-13048041.355,4038190.5834,127,138,Redlands,F175,92374,0,0,"1659 West Lugonia Ave.
Redlands, CA 92374"
-13606470.0936,4507997.7051,128,139,Redwood City,F162,94063,0,0,"300 Brewster Ave.
Redwood City, CA 94063"
-13296370.9872,4382123.5526,129,140,Reedley,F137,93654,49838.508,-158622.078,"558 East Dinuba Ave.
Reedley, CA 93654"
-13100177.3849,4252462.2864,130,141,Ridgecrest,F238,93555,0,0,"540 Perdew Ave.
Suite A
Ridgecrest, CA 93555"
-13068491.814,4023113.2111,131,142,Riverside,F120,92506,240677.047,-447745.219,"6280 Brockton Ave.
Riverside, CA 92506"
-13057696.8436,4020010.0607,132,144,Riverside East,F383,92507,249779.4408,-449914.3206,"6425 Sycamore Canyon Blvd
Riverside, CA 92507"
-13056917.2585,4020285.6192,133,145,Riverside INV,F270,92507,250099.1051,-449540.9407,"6296 River Crest Dr.
Suite A
Riverside, CA 92507"
-13495439.4359,4691265.8977,134,146,Rocklin,F401,95677,-106914.9986,86414.5831,"5245 South Grove St.
Rocklin, CA 95677"
-13495132.0272,4691201.7793,135,147,Rocklin INV,F243,95677,-106605.641,86338.203,"4240 Rocklin Rd.
Suite 12
Rocklin, CA 95677"
-13503597.2515,4689675.8798,136,148,Roseville,F442,95678,-113328.0431,85125.6773,"7200 Galilee Rd
Roseville, CA 95678"
-13519856.8449,4656851.4996,137,149,Sacramento Broadway,F295,95820,-126323.164,59723.844,"4700 Broadway
Sacramento, CA 95820"
-13518068.385,4649511.4682,138,150,Sacramento IBC,F215,95823,-124796.43,53978.5,"7226 Florin Mall Dr.
Sacramento, CA 95823"
-13517155.9542,4647000.2994,139,161,Sacramento La Mancha,F402,95823,-124373.2134,52260.1719,"7775 La Mancha Way
Sacramento, CA 95823"
-13541730.1206,4397073.7264,140,164,Salinas,F125,93906,-146888.328,-145430.797,"250 East Laurel Drive
Salinas, CA 93906"
-13433057.491,4606447.8968,141,165,San Andreas,F172,95249,0,0,"745 Mountain Ranch Rd
San Andreas, CA 95249"
-13055456.7164,4045413.9814,142,166,San Bernardino,F174,92404,251043.953,-429021.406,"1310 North Waterman Ave.
San Bernardino, CA 92404"
-13054959.0009,4037923.0684,143,167,San Bernardino IBC/OL,F433,92408,251502.0374,-435026.5987,"473 East Carnegie Drive
Suites 125 & 150
San Bern*"
-13055903.3205,4038057.6634,144,168,San Bernardino DSO,F173,92405,250852.5517,-434965.9617,"1845 Business Center Dr.
Suite 210
San Bernardino*"
-13095926.0022,3954206.6965,145,169,San Clemente,F219,92672,219399.297,-505335.469,"2727 Via Cascadita
San Clemente, CA 92672"
-13044660.2855,3871884.9048,146,170,San Diego Clairemont,F194,92117,264038.344,-572728.125,"4375 Derrick Dr.
San Diego, CA 92117"
-13042039.4636,3865371.4296,147,171,San Diego DSO/OL,F469,92108,266484.4513,-578041.728,"1455 Frazee Rd
Suite 400 & 420
San Diego, CA 92108"
-13038889.4913,3864995.0059,148,172,San Diego INV,F389,92108,269205.2324,-578294.0457,"2878 Camino Del Rio South
suite 310
San Diego, CA*"
-13041004.8756,3862254.8225,149,173,San Diego Normal,F114,92103,267583.531,-580807.375,"3960 Normal St.
San Diego, CA 92103"
-13630008.8894,4547454.9227,150,174,San Francisco,F115,94117,-214555.453,-24399.842,"1377 Fell St.
San Francisco, CA 94117"
-13567255.2895,4483108.2361,151,175,San Jose,F121,95110,-165957.984,-76508.336,"111 West Alma Ave.
San Jose, CA 95110"
-13564276.1214,4482582.8405,152,176,San Jose DLPC,F468,95112,-163812.35,-76675.4094,"2222 Senter Road
San Jose, CA 95112"
-13556302.8994,4471681.8663,153,177,San Jose DSO/OL,F379,95119,-157592.4949,-85512.6161,"90 Great Oaks Blvd.
San Jose, CA 95119"
-13432835.2343,4198926.9329,154,178,San Luis Obispo,F234,93401,0,0,"3190 South Higuera St.
San Luis Obispo, CA 93401"
-13040779.2371,3913992.6162,155,179,San Marcos Rancheros,F470,92069,266397.1914,-537523.8991,"590 Rancheros Drive
San Marcos, CA 92069"
-13617047.7776,4520086.3664,156,180,San Mateo,F163,94401,-204847.328,-46284.176,"425 North Amphlett Blvd.
San Mateo, CA 94401"
-13168328.263,3996399.1938,157,181,San Pedro,F202,90731,158321.609,-471771.844,"1511 North Gaffey St.
San Pedro, CA 90731"
-13024735.9581,3838221.8451,158,182,San Ysidro,F405,92154,281712.8551,-600278.8716,"6111 Business Center Court
San Diego, CA 92154"
-13119065.441,3994578.9192,159,183,Santa Ana,F127,92701,199230.109,-472271.219,"1330 East 1st St.
Santa Ana, CA 92701"
-13325087.455,4084402.8197,160,184,Santa Barbara,F104,93101,27667.289,-400449.563,"535 Castillo St.
Santa Barbara, CA 93101"
-13580311.4458,4488026.559,161,185,Santa Clara,F178,95051,-176229.766,-72394.695,"3665 Flora Vista Ave.
Santa Clara, CA 95051"
-13406732.4727,4156754.0114,162,186,Santa Maria,F143,93454,-39542.199,-341027.188,"523 South McClelland St.
Santa Maria, CA 93454"
-13188578.3577,4032581.3292,163,187,Santa Monica,F147,90404,140958.891,-442104.75,"2235 Colorado Ave.
Santa Monica, CA 90404"
-13255439.679,4075144.2179,164,188,Santa Paula,F286,93060,85071.367,-407642.375,"250 W. Harvard Blvd.
Suite A
Santa Paula, CA 93060"
-13660768.8287,4638216.6608,165,189,Santa Rosa,F203,95407,-236851.609,47515.371,"2570 Corby Ave.
Santa Rosa, CA 95407"
-13556270.5525,4471177.8861,166,190,Santa Teresa,F228,95119,-157572.891,-86191.273,"180 Martinvale Lane
San Jose, CA 95119"
-13564638.5309,4383861.1489,167,191,Seaside,F155,93955,-165398.641,-155545.531,"1180 Canyon Del Rey Blvd.
Seaside, CA 93955"
-13277365.9065,4232503.5439,168,192,Shafter,F252,93263,65990.469,-279199.75,"548 Walker St.
Shafter, CA 93263"
-13216185.7461,4067397.1612,169,193,Simi Valley,F267,93063,0,0,"3855 Alamo St.
Suite D
Simi Valley, CA 93063"
-13399510.6635,4577232.7406,170,194,Sonora,F118,95370,0,0,"885 Morning Star Dr.
Sonora, CA 95370"
-13354929.4457,4713855.1774,171,196,South Lake Tahoe,F318,96150,0,0,"3344 South Lake Tahoe Blvd.
Suite B
South Lake Ta*"
-13015911.1785,3863142.1286,172,197,Spring Valley CDL,F411,92019,0,0,"1901 Jamacha Rd.
El Cajon, CA 92019"
-13502812.6867,4572438.7037,173,199,Stockton,F421,95203,-113857.9587,-6510.2676,"55 South Lincoln St.
Stockton, CA 95203"
-13501337.327,4573946.2133,174,200,Stockton DSO,F126,95202,-112670.688,-5571.625,"710 North American St.
Stockton, CA 95202"
-13501907.9101,4579702.7652,175,201,Stockton INV,F431,95207,0,0,"1507 East March Lane
Stockton, CA 95207"
-13429326.2852,4926065.4093,176,202,Susanville,F236,96130,-54084.324,266248.75,"2615 Main St.
Susanville, CA 96130"
-13297611.5131,4182829.3465,177,203,Taft,F110,93268,49820.93,-319766.969,"165 Center St.
Taft, CA 93268"
-13042345.0165,3962667.245,178,204,Temecula,F301,92590,0,0,"27851 Diaz Rd
Temecula, CA 92590"
-13229676.1489,4057137.8344,179,205,Thousand Oaks,F205,91362,106389.609,-422242.219,"1810 Avenida De Los Arboles
Thousand Oaks, CA 913*"
-13170333.0645,4005793.6307,180,206,Torrance,F210,90501,156460.313,-464029.656,"1785 West 220th St.
Torrance, CA 90501"
-13521718.1868,4545930.225,181,207,Tracy,F422,95304,-129108.7026,-27269.6023,"2785 Auto Plaza Dr.
Tracy, CA 95304"
-13381550.9884,4768411.3812,182,208,Truckee,F140,9616,0,0,"11357 Donner Pass Rd.
PO Box 8785
Truckee, CA 961*"
-13285566.5504,4330088.5969,183,209,Tulare,F264,93274,58779.387,-200384.391,"274 East Cross Ave.
Tulare, CA 93274"
-13522756.6719,5154423.121,184,210,Tulelake,F225,96134,-122660.984,438527.0297,"399 Main St.
PO Box 399
Tulelake, CA 96134"
-13451773.5775,4512200.787,185,211,Turlock,F304,95382,-74105.982,-54640.5663,"825 E. Monte Vista Ave.
Turlock, CA 95382"
-12919212.1636,4053969.4697,186,212,Twentynine Palms,F256,92277,0,0,"3668 Adobe Road
PO Box 936
Twentynine Palms, CA 9*"
-13714500.4611,4742845.9032,187,213,Ukiah,F233,95482,-276076.219,130218.266,"542 South Orchard Ave.
Ukiah, CA 95482"
-13574840.5095,4633024.4912,188,214,Vacaville,F319,95687,0,0,"621 Orange Dr.
Vacaville, CA 95687"
-13608980.9401,4596014.3043,189,215,Vallejo,F218,94590,-197170.266,13331.559,"200 Couch St.
Vallejo, CA 94590"
-13186722.6345,4054798.8834,190,216,Van Nuys,F274,91405,142164.328,-423680.25,"14920 Vanowen St
Van Nuys, CA 91405"
-13185604.6926,4053260.1089,191,217,Van Nuys DSO/INV/OL,F326,91411,142896.9052,-424805.5385,"6150 Van Nuys Blvd
Van Nuys, CA 91401"
-13273328.9357,4063315.7379,192,218,Ventura,F240,93003,0,0,"4260 Market St.
Ventura, CA 93003"
-13272300.4505,4063368.7489,193,219,Ventura INV,F260,93003,71083.3872,-417218.8162,"1732 Palma Dr.
Suite 202
Ventura, CA 93003"
-13058345.8963,4098825.7178,194,220,Victorville,F213,92392,247242.734,-385276.844,"14855 Corta Dr.
Victorville, CA 92395"
-13277466.2001,4346037.7464,195,221,Visalia,F204,93291,65206.516,-187372.438,"1711 East Main St.
Visalia, CA 93292"
-13587754.5452,4566073.6565,196,222,Walnut Creek,F188,94596,-180894.203,-10567.615,"1910 North Broadway
Walnut Creek, CA 94596"
-13555159.3183,4429001.097,197,223,Watsonville,F166,95076,-157158.703,-119798.883,"90 Alta Vista Ave.
Watsonville, CA 95076"
-13684379.0892,4971581.2081,198,224,Weaverville,F198,96093,0,0,"1511 Main St.
PO Box 1220
Weaverville, CA 96093"
-13128087.5776,4036994.3657,199,225,West Covina,F170,91790,190959.453,-437514.875,"800 South Glendora Ave.
West Covina, CA 91790"
-13174198.1928,4040667.0636,200,226,West Hollywood (VR),F420,90046,152612.0196,-435100.6021,"936 North Formosa
West Hollywood, CA 90046"
-13530365.0561,4661302.826,201,227,West Sacramento CDTC,F315,95691,-134599.0069,63448.3393,"2528 Evergreen Ave.
West Sacramento, CA 95691"
-13135475.0257,3997188.2812,202,228,Westminster,F156,92683,185547.25,-470640.688,"13700 Hoover St.
Westminster, CA 92683"
-13140487.4364,4022433.3339,203,229,Whittier,F153,90605,180965.641,-449712.313,"9338 South Painter Ave.
Whittier, CA 90605"
-13604637.2525,4797824.6014,204,230,Willows,F341,95988,0,0,"815 N. Humboldt Ave.
Willows, CA 95988"
-13200799.7467,4055883.9401,205,231,Winnetka,F154,91306,130516.43,-423067.156,"20725 Sherman Way
Winnetka, CA 91306"
-13554655.056,4674326.9502,206,232,Woodland,F251,95695,-153333.484,74202.563,"825 East St.
Suite 306
Woodland, CA 95776"
-13652723.3345,5116170.5516,207,233,Yreka,F311,96097,0,0,"1848 Fort Jones Rd.
Yreka, CA 96097"
-13541265.5083,4742311.1922,208,234,Yuba City,F280,95993,0,0,"1570 Poole Blvd
Yuba City, CA 95993"
