ZIP,Total,Two or More Races,White,Black or African American,American Indian and Alaska Native,Asian,Native Hawaiian and Other Pacific Islander,Hispanic,Other Race
90001,56403,16438,10954,4183,1481,306,38,51456,23003
90002,52735,12048,8167,8154,1609,894,17,43219,21846
90003,71708,14175,9242,12009,771,265,0,58066,35246
90004,58844,6309,16227,2668,800,14836,51,27055,17953
90005,38747,5642,7181,2150,676,12624,9,18498,10465
90006,55192,8060,8989,1889,991,10497,58,39104,24708
90007,39253,5636,11502,3354,445,7315,141,20643,10860
90008,33443,3238,3012,20684,340,1200,26,9021,4943
90010,4478,113,881,264,32,2947,0,391,241
90011,102784,26917,13673,6276,1933,642,175,94292,53168
90012,37463,3891,8563,4723,347,13265,51,10684,6623
90013,14891,2485,4654,3461,220,2834,82,3661,1155
90014,9540,1120,3065,2081,33,2149,18,2173,1074
90015,25257,2929,6747,2375,947,6101,0,11442,6158
90016,46102,8454,11228,12946,246,1885,67,23800,11276
90017,28981,2644,5868,3782,328,5312,0,16351,11047
90018,48812,7579,10598,11933,298,2800,63,27880,15541
90019,59288,7745,16003,10498,532,10319,41,25311,14150
90020,38361,4186,6663,2252,385,16959,66,13274,7850
90021,3152,477,800,668,45,170,0,1523,992
90022,61638,12073,13348,297,1556,702,30,59548,33632
90023,44608,7537,7194,298,856,460,2,42851,28261
90024,50830,4529,26772,2332,187,13825,170,6818,3015
90025,45238,4445,26492,1711,78,9454,30,6785,3028
90026,62902,8272,24131,2389,826,8514,354,29062,18416
90027,46049,4591,28502,1945,236,5563,31,10402,5181
90028,31441,3813,14761,2700,520,4202,11,9513,5434
90029,33830,3293,10753,1512,355,5836,11,16548,12070
90031,36881,3884,5691,769,683,10896,283,21195,14675
90032,43724,8431,10191,1367,834,5275,0,32305,17626
90033,46540,5923,7191,851,1184,2114,24,41788,29253
90034,55120,7330,24910,5329,543,10124,129,14126,6755
90035,27851,2992,18527,2138,74,1988,29,3804,2103
90036,38784,4374,22118,2806,190,7548,20,5058,1728
90037,67895,10445,11565,10396,1869,835,102,54156,32683
90038,27807,4065,11031,1944,460,2176,102,13532,8029
90039,28572,4135,14118,533,269,5500,0,8976,4017
90040,11683,2628,3032,87,643,223,0,11009,5070
90041,27351,4722,10956,423,347,6976,20,9152,3907
90042,58344,12743,19292,1132,1957,7969,6,32960,15245
90043,43548,6774,4605,25750,331,896,74,11467,5118
90044,95859,21905,9892,28481,1239,669,127,64416,33546
90045,42352,7119,22806,3553,365,6859,87,8080,1563
90046,48905,6401,33761,2687,235,3408,66,8008,2347
90047,50925,6612,4383,27355,529,582,414,19707,11050
90048,20796,1903,15630,950,4,1608,0,1571,701
90049,36735,3794,28351,560,65,3338,55,3033,572
90052,0,0,0,0,0,0,0,0,0
90056,8908,1502,1089,5539,65,394,0,1368,319
90057,45548,4810,7689,3117,1849,8204,44,31113,19835
90058,3409,413,1371,379,0,23,2,2580,1221
90059,38015,7212,4839,9556,490,411,6,26787,15501
90061,28478,6391,3862,7512,945,229,25,19886,9514
90062,32110,4733,4443,8353,490,638,55,20322,13398
90063,50536,6488,9103,200,1200,1075,23,47331,32447
90064,26494,3656,15235,986,46,5010,64,3702,1497
90065,45075,8791,15467,720,1206,6253,7,23652,12631
90066,54975,7322,30150,2682,439,8699,40,13600,5643
90067,3165,523,1925,101,0,616,0,156,0
90068,21569,1965,15708,1634,33,1336,51,2781,842
90069,20318,1608,16394,661,57,1233,0,1684,365
90071,304,87,44,86,0,0,0,130,87
90073,1053,84,641,140,29,50,12,236,97
90077,8158,717,6355,93,0,815,0,538,178
90079,0,0,0,0,0,0,0,0,0
90089,4777,419,1820,392,54,1587,0,989,505
90094,12127,1755,6911,1016,0,2051,0,1530,394
90095,0,0,0,0,0,0,0,0,0
90201,93783,41117,27139,1365,1047,574,86,88464,22455
90210,19652,1482,16179,398,45,1295,0,1137,253
90211,8871,551,6044,131,0,1739,0,493,406
90212,10834,1081,7913,272,0,1268,0,926,300
90220,49156,11011,6151,13839,736,595,85,32842,16739
90221,50782,16657,7268,9417,856,541,188,40062,15855
90222,32173,6745,5617,7739,396,461,0,23448,11215
90230,31570,6311,14665,2530,80,5275,86,9462,2623
90232,16804,2606,9215,666,112,3548,0,3164,657
90240,25326,5662,7328,1087,508,2449,53,18108,8239
90241,45484,10121,14165,1432,1071,3095,45,34254,15555
90242,40983,9054,11857,1616,702,2698,227,31772,14829
90245,16863,3306,10589,473,28,1948,0,3501,519
90247,47303,8890,6234,7265,752,11810,9,23501,12343
90248,11144,1388,1721,2359,103,3626,9,3412,1938
90249,25967,4576,5035,5911,873,4126,50,11843,5396
90250,94991,19158,24282,22051,1606,6970,448,51863,20476
90254,19248,2810,14371,113,20,1428,8,1898,498
90255,70363,21596,15555,415,1531,463,144,68234,30659
90260,32379,9143,10445,1782,659,3359,31,21147,6960
90262,64918,15475,15353,5381,1447,467,11,57255,26784
90263,1895,178,984,186,0,473,0,327,74
90265,15914,1632,12469,181,40,746,0,1511,846
90266,34584,3454,25590,230,70,4757,38,2639,445
90270,24522,7342,4666,218,780,194,14,23926,11308
90272,21438,2006,17703,198,0,1379,0,898,152
90274,24988,2176,15579,812,8,6007,0,1616,406
90275,41367,4973,20033,867,99,13177,22,4965,2196
90277,35391,4555,23350,834,228,5307,73,4264,1044
90278,42536,6956,23940,863,240,8811,50,6315,1676
90280,91719,25144,21923,936,1609,730,75,87082,41302
90290,5948,496,4767,89,0,228,0,342,368
90291,25738,2946,18048,1465,211,1503,45,3681,1520
90292,23684,2988,16170,1551,0,2217,62,2793,696
90293,12784,1324,8661,540,47,1629,10,2456,573
90301,36428,6129,5553,11371,383,1087,173,20893,11732
90302,28871,4467,4345,12567,267,624,0,12131,6601
90303,23169,4328,3637,7319,169,344,11,14260,7361
90304,26215,6545,5405,1005,864,1285,316,22572,10795
90305,14612,1161,949,11056,25,159,0,2044,1262
90401,7925,1084,5797,348,20,504,0,812,172
90402,11178,1129,8560,71,41,1257,0,1087,120
90403,25087,2915,17410,631,192,2718,49,3007,1172
90404,22881,3863,12110,2277,131,2466,0,6204,2034
90405,26809,3279,19356,1125,139,2112,0,3975,798
90501,41319,6358,10746,2159,115,11412,19,17814,10510
90502,18114,2475,3812,1431,128,6773,43,6559,3452
90503,43764,5148,16085,1751,118,18176,86,6618,2400
90504,33321,5302,9426,1377,117,13280,51,8665,3768
90505,35605,4356,13655,1002,122,14725,0,5102,1745
90506,0,0,0,0,0,0,0,0,0
90601,30472,5745,9326,365,958,1771,49,21571,12258
90602,25823,4413,7993,500,281,745,16,18913,11875
90603,20361,3722,9970,91,289,1157,115,11833,5017
90604,39378,6408,13810,465,542,3304,27,26850,14822
90605,39224,6427,11571,517,912,2053,20,29660,17724
90606,31881,5505,7310,526,662,1621,43,27006,16214
90620,46992,7675,17927,827,529,13724,274,18267,6036
90621,35735,5617,9585,916,652,12839,15,16883,6111
90623,15369,1549,4857,523,34,7811,72,2647,523
90630,49565,7086,18167,1626,227,18618,104,10827,3737
90631,68615,15288,27736,1573,1055,8576,75,38629,14312
90638,45714,7858,16630,922,430,10458,96,21012,9320
90639,1714,177,813,82,11,424,0,364,207
90640,61615,11453,14398,363,1560,8442,41,48558,25358
90650,100808,17003,24227,4216,2118,13879,332,70013,39033
90660,60821,12635,13814,1143,1926,2102,15,55059,29186
90670,18255,3844,4784,339,447,1510,406,13874,6925
90680,31949,3900,9351,504,363,8694,75,16057,9062
90701,16044,1822,3057,818,112,6952,420,5514,2863
90703,48607,4859,7027,3262,196,30176,232,7321,2855
90704,3764,777,2677,10,0,30,0,2270,270
90706,77396,13719,17730,8933,1006,9274,196,47051,26538
90710,26777,5518,7792,3127,141,5503,22,12828,4674
90712,30672,5837,11912,3168,161,5256,58,10452,4280
90713,28583,5520,14741,1260,166,3534,212,9508,3150
90715,20668,3271,4973,1723,253,5504,413,8970,4531
90716,13743,2865,2050,618,514,1779,24,10390,5893
90717,21319,3298,10416,865,111,3337,109,7261,3183
90720,24021,3049,14292,914,46,3642,65,5883,2013
90723,52546,13566,8445,4588,1163,1641,110,43258,23033
90731,62452,11151,30330,3370,782,3452,306,35532,13061
90732,23104,4849,13446,949,84,2320,63,7885,1393
90740,24382,2219,17525,278,155,3508,11,3037,686
90742,385,61,291,0,13,8,12,74,0
90743,478,30,303,0,0,29,0,30,116
90744,53678,7612,28744,2086,540,1796,277,47275,12623
90745,57952,9575,11237,3916,524,21297,878,25587,10525
90746,27465,3062,2261,16690,190,2551,224,5404,2487
90747,17,5,7,5,0,0,0,5,0
90755,11654,1634,4929,878,42,2914,101,4374,1156
90802,39859,5773,18114,6484,574,3336,41,14936,5537
90803,31804,3172,23358,1289,393,2125,333,5887,1134
90804,38306,3033,19185,4877,584,4880,179,18380,5568
90805,94631,15567,16702,17524,2109,11167,901,55667,30661
90806,39972,6566,12765,5752,461,7034,39,21066,7355
90807,33320,4429,14285,4941,312,5093,8,9491,4252
90808,39351,6215,24009,1633,339,4497,184,10405,2474
90810,35648,4639,10221,2716,454,9282,686,19521,7650
90813,51689,6953,14122,5835,782,6258,204,33143,17535
90814,20676,2420,14024,1281,189,1418,85,6281,1259
90815,43461,4667,27888,2998,315,5127,188,10591,2278
90822,93,1,59,18,0,13,0,17,2
90831,0,0,0,0,0,0,0,0,0
90840,0,0,0,0,0,0,0,0,0
91001,36402,6202,15253,7541,501,2182,0,10714,4723
91006,32106,3388,7567,305,296,18101,47,6435,2402
91007,33141,3694,8608,493,257,18294,186,5330,1609
91008,754,62,366,24,0,290,0,109,12
91010,27245,5593,8896,1302,360,4355,5,15315,6734
91011,20094,1733,11529,163,10,6289,11,1792,359
91016,41710,8795,17149,2389,309,6556,99,18020,6413
91020,7265,1225,3594,77,224,1492,47,1329,606
91024,11020,1213,6938,573,100,1919,0,1855,277
91030,26297,3833,10795,932,123,8661,14,5406,1939
91040,21436,3368,14086,742,92,1894,6,4758,1248
91042,27055,4298,16878,486,231,2371,30,7273,2761
91046,142,0,117,0,0,25,0,0,0
91101,20814,2884,9193,1481,186,4680,18,5711,2372
91103,24910,2996,7941,3764,143,3115,16,11224,6935
91104,35595,6581,15046,2411,408,3666,0,13832,7483
91105,12546,1690,7358,359,41,2342,12,1962,744
91106,23217,2932,10462,1164,102,4815,22,7292,3720
91107,32944,4346,13990,1516,156,8339,56,9486,4541
91108,12464,814,2940,40,10,8515,16,900,129
91125,968,102,585,22,3,225,5,109,26
91201,22261,1793,16968,174,272,1310,44,4188,1700
91202,22258,1218,16862,492,18,2630,0,2586,1038
91203,16482,994,10151,454,18,3067,99,2991,1699
91204,18847,1261,10340,472,40,2750,10,7003,3974
91205,34890,2109,22309,665,289,4278,44,8778,5196
91206,32330,2061,23502,510,39,4020,51,4742,2147
91207,10626,830,8514,42,107,929,0,761,204
91208,15467,2936,9987,82,58,2041,34,1990,329
91210,334,36,200,0,0,98,0,0,0
91214,31707,3546,17351,321,68,8557,0,4394,1864
91301,24477,2357,17857,183,16,1818,23,3646,2223
91302,26205,2186,19974,694,25,2862,0,1893,464
91303,29522,4200,9180,1325,355,3169,80,16767,11213
91304,53794,5962,20606,2301,394,9100,24,22413,15407
91306,48177,6721,14368,1685,432,9662,37,22807,15272
91307,25823,2547,16235,1136,78,4025,13,3946,1789
91311,40557,5928,19138,2729,142,7977,0,11696,4643
91316,29246,3295,22271,463,10,1816,0,3450,1391
91320,43628,6907,28885,1043,103,5010,56,8091,1624
91321,32668,8630,14657,773,689,2459,62,17531,5398
91324,29510,3008,10397,1538,297,6018,9,11692,8243
91325,35116,4702,14921,1859,273,5505,65,12699,7791
91326,37068,3990,16259,2899,278,11472,144,5117,2026
91330,2591,280,1191,254,9,587,4,734,266
91331,98820,31626,21466,2045,1128,4645,98,86417,37812
91335,74802,9146,26982,3311,827,9765,212,38528,24559
91340,33750,8845,9262,644,602,731,0,30731,13666
91342,93513,21500,30297,3562,1619,6979,311,69590,29245
91343,61607,10472,17682,2485,820,8577,34,35992,21537
91344,53248,8022,27285,1476,596,9683,65,16533,6121
91345,18282,3800,4910,495,371,2099,51,12067,6556
91350,43621,9187,23116,1961,343,5828,353,13591,2833
91351,33553,7028,17167,1466,476,2214,0,16536,5202
91352,46153,13623,16652,1085,556,2261,102,31416,11874
91354,33059,4348,18308,1807,81,6665,477,6559,1373
91355,28777,3671,19284,755,197,3379,9,5725,1482
91356,30809,3613,20006,1821,115,2549,6,5100,2699
91360,42315,6183,27910,892,612,3314,32,10566,3372
91361,18728,2000,14292,164,10,1429,0,2117,833
91362,36205,4484,26368,713,127,3377,7,5752,1129
91364,28662,3273,19373,1422,33,2899,35,3896,1627
91367,45427,4813,27569,3582,433,6738,91,6498,2201
91371,0,0,0,0,0,0,0,0,0
91377,13656,812,10106,57,54,2462,57,1066,108
91381,21857,3681,10204,1415,506,5015,0,4762,1036
91384,27278,6082,13500,1356,291,2448,10,11682,3591
91387,46283,9346,21336,3070,497,4751,12,19932,7271
91390,18722,2269,12673,418,157,1145,17,4929,2043
91401,39011,8662,18800,1988,402,1926,39,17366,7194
91402,66710,6154,11257,1871,571,9816,101,46424,36940
91403,25566,3273,17625,1585,63,1944,19,4100,1057
91405,54887,11157,18623,2422,524,5095,292,32960,16774
91406,52661,10207,18991,2204,557,4242,0,30596,16460
91411,23520,5549,9692,1653,88,2273,43,11126,4222
91423,32536,5004,22939,1671,63,1737,24,4583,1098
91436,16424,1529,13319,311,79,799,17,1422,370
91501,19343,1795,13453,425,56,1928,0,3073,1686
91502,11732,1009,6827,531,96,1783,0,3062,1486
91504,27268,4612,16366,1332,257,2934,15,6776,1752
91505,31843,6069,18160,1089,314,3360,35,9346,2816
91506,18773,2987,10975,294,23,2833,10,4741,1651
91601,37033,5186,18864,4114,137,3170,61,12202,5501
91602,19760,2661,11907,1387,123,1909,47,3864,1726
91604,32118,3909,22822,1586,131,2761,0,3441,909
91605,52086,11657,19491,929,615,4193,19,32346,15182
91606,43202,8242,18800,2151,505,2055,0,22828,11449
91607,30918,4615,18736,2297,164,2430,35,6613,2641
91608,38,0,38,0,0,0,0,9,0
91701,38597,7535,19168,1850,281,5042,0,14482,4721
91702,61766,13269,19272,1520,854,8175,200,42081,18476
91706,71620,17358,14329,638,2462,15716,43,52401,21074
91708,17308,2798,4085,2439,165,5244,0,6178,2577
91709,78200,11018,23260,3679,223,31408,69,21969,8543
91710,80186,15993,27849,3982,753,12146,256,47431,19207
91711,37538,6492,19570,2128,303,5563,81,10316,3401
91722,34087,7799,10408,1225,335,5252,117,21974,8951
91723,18200,4030,6779,868,195,2062,14,11468,4252
91724,28113,5416,10451,1352,436,4076,120,15349,6262
91730,71692,11511,29089,7258,1115,10163,146,30963,12410
91731,28122,6873,4346,109,1410,8027,212,18268,7145
91732,58056,12847,8285,469,1442,16952,41,37800,18020
91733,41716,6093,4962,308,411,10204,156,29665,19582
91737,22797,3867,11062,1384,164,3365,33,7500,2922
91739,41722,6606,17637,4029,385,8282,155,14246,4628
91740,26160,5525,12129,751,349,2795,2,12718,4609
91741,26166,4262,15339,638,154,3493,95,7871,2185
91744,78253,14050,15740,1017,1703,11233,5,61802,34505
91745,54996,6568,12514,519,414,22995,152,23609,11834
91746,28256,4838,5683,415,497,3467,57,23548,13299
91748,43137,2720,4206,693,369,25753,163,13319,9233
91750,33267,6531,18501,1334,255,3394,0,11973,3252
91752,37551,5909,12007,2565,485,3807,9,22843,12769
91754,33176,2388,4281,455,295,20321,34,9927,5402
91755,26413,1990,2582,145,228,18272,0,5962,3196
91759,290,49,231,10,0,0,0,31,0
91761,62506,14460,18698,3732,1408,5814,364,41523,18030
91762,63656,16307,19865,3259,671,6443,123,43648,16988
91763,37515,7871,10384,2036,1044,3830,36,27101,12314
91764,55412,14173,14588,4472,1257,3481,128,39048,17313
91765,44779,4299,8002,1551,505,27162,77,7678,3183
91766,68673,13500,14500,3510,1325,9444,132,49427,26262
91767,50308,10102,13344,3048,948,4591,75,34891,18200
91768,34921,6624,7945,1487,1459,3021,135,25800,14250
91770,58893,2996,4686,406,634,38580,107,16794,11484
91773,33917,6506,15598,1171,403,5997,85,12581,4157
91775,23776,2479,5344,325,52,12345,23,5938,3208
91776,37769,3253,4108,448,243,22690,347,10876,6680
91780,35136,3359,6005,179,262,22779,152,6795,2400
91784,26900,3791,15860,1225,160,3474,26,7280,2364
91786,55519,10859,22227,4266,776,5048,175,27641,12168
91789,40933,3040,5799,847,118,27666,181,7545,3282
91790,44791,8941,9882,1394,945,10450,30,27451,13149
91791,33321,4906,7672,1005,442,10127,29,17156,9140
91792,30921,4182,4056,2096,294,13015,221,13133,7057
91801,53730,5221,8129,1566,738,27572,0,17695,10504
91803,27803,3817,3943,490,216,14073,136,10921,5128
91901,18300,1829,14504,310,134,474,73,3397,976
91902,17445,4049,7318,255,20,2578,53,8241,3172
91905,1466,524,689,9,162,12,4,283,66
91906,3375,395,2235,204,247,15,0,1016,279
91910,77957,22342,28568,2888,1054,8215,193,50129,14697
91911,84619,29185,28566,3447,1186,6106,324,63244,15805
91913,57067,13676,14377,4767,59,15044,356,27003,8788
91914,17036,5284,6606,550,125,3065,0,8916,1406
91915,35385,9066,10726,2853,213,8166,33,15405,4328
91916,1757,87,1430,0,0,4,0,282,236
91917,889,148,601,15,9,0,0,328,116
91931,735,15,514,0,0,0,0,206,206
91932,25897,6588,12669,1185,133,1765,59,13145,3498
91934,1265,84,948,0,0,0,0,565,233
91935,9466,1570,7153,76,97,136,19,2281,415
91941,33706,5171,21585,2385,179,1740,147,8803,2499
91942,40920,6946,25146,2979,231,2866,87,11054,2665
91945,27531,5819,9939,4099,562,2616,123,12127,4373
91948,123,0,123,0,0,0,0,0,0
91950,57173,12494,18533,2467,723,9404,227,38273,13325
91962,2457,320,2088,18,0,0,0,347,31
91963,617,85,148,0,0,0,0,554,384
91977,62957,11751,25676,7761,829,4534,286,29201,12120
91978,10511,2034,4734,1208,7,642,98,3859,1788
91980,157,0,0,0,0,0,0,157,157
92003,4978,968,3461,13,0,110,0,1310,426
92004,3030,741,1988,1,0,1,0,1014,299
92007,11764,2082,8929,46,0,433,0,2475,274
92008,27707,3477,19837,292,529,2084,161,5166,1327
92009,45778,5708,33578,590,31,4023,0,7330,1848
92010,17300,2201,11659,110,38,2408,0,2756,884
92011,23715,3636,16265,202,44,2744,0,3930,824
92014,13260,1240,10295,186,0,839,0,1280,700
92019,45801,7021,32680,903,268,1476,313,9768,3140
92020,58490,7877,37253,3789,301,2599,530,16511,6141
92021,69306,9419,42095,4449,1102,3696,254,19550,8291
92024,50030,5395,39901,343,139,2339,84,7207,1829
92025,50046,13387,22150,1245,959,2788,132,26716,9385
92026,53041,9399,29452,1065,503,4332,494,21192,7796
92027,55232,13290,25631,1141,1040,3618,97,31249,10415
92028,50905,10522,29236,984,541,2150,83,21468,7389
92029,20296,2512,13849,430,110,1874,28,4774,1493
92036,3128,412,2573,44,6,0,15,572,78
92037,39284,4573,28477,478,61,4680,76,5159,939
92040,45978,5010,35349,931,465,780,184,10097,3259
92054,37546,8634,20316,1255,1262,1604,205,15338,4270
92055,11181,1233,6317,1063,253,595,69,3614,1651
92056,53265,10884,30826,1669,653,4532,487,16536,4214
92057,57994,14207,29298,3125,452,5091,118,23058,5703
92058,49189,12136,24308,3424,730,2682,184,21099,5725
92059,1449,485,401,7,462,41,0,729,53
92060,591,68,481,0,3,0,0,39,39
92061,1693,167,1189,2,286,40,0,285,9
92064,48555,6488,30345,1356,329,6515,218,8152,3304
92065,37397,6740,26834,370,360,659,75,11440,2359
92066,314,0,305,9,0,0,0,0,0
92067,8245,2008,5255,81,0,815,0,1265,86
92069,46825,9543,22654,749,637,5213,14,21541,8015
92070,749,140,439,2,154,5,0,150,9
92071,59739,9729,41888,1426,405,3333,115,13000,2843
92075,11996,1196,9695,93,43,615,6,1482,348
92078,53542,9141,33161,701,210,5573,69,15129,4687
92081,29596,6052,18882,1235,132,2269,108,8933,918
92082,20596,4785,12523,385,875,604,13,7885,1411
92083,37957,12498,15746,912,706,1526,461,23588,6108
92084,49533,12794,25995,1094,695,1915,545,24079,6495
92086,1410,243,874,7,69,140,0,364,77
92091,1215,97,955,0,0,140,0,133,23
92092,985,160,464,30,0,187,0,318,144
92093,4090,557,1832,134,36,1128,0,1237,403
92096,0,0,0,0,0,0,0,0,0
92101,48163,5692,29737,3791,463,4763,353,11324,3364
92102,39001,6488,16968,3611,679,2392,53,21673,8810
92103,34817,3509,25169,858,179,2526,61,6950,2515
92104,46912,8558,28213,3405,263,2798,26,14453,3649
92105,71284,16235,17406,9511,1070,13277,405,34896,13380
92106,20863,1990,15943,438,208,958,1,3359,1325
92107,29789,3685,23132,554,157,950,23,4838,1288
92108,24401,3927,14015,1525,133,3112,90,5866,1599
92109,44456,4776,34881,867,77,1694,137,5438,2024
92110,31186,4872,20299,1530,350,2337,177,5705,1621
92111,45888,6883,24431,2062,169,9224,115,12519,3004
92113,49047,7885,17332,5014,1246,1759,77,38153,15734
92114,64820,11223,14040,11289,255,15593,1106,28351,11314
92115,64011,9747,31792,6403,509,8346,520,19445,6694
92116,31484,5495,19742,1440,311,2086,35,9322,2375
92117,52645,9013,34013,1080,158,4746,267,13275,3368
92118,18495,2110,14632,405,113,706,172,3524,357
92119,24868,3542,16713,921,128,2134,59,4346,1371
92120,31797,3859,21365,2013,35,2506,73,6257,1946
92121,4157,729,2120,83,55,1074,7,597,89
92122,45437,5358,24997,501,226,12754,144,6100,1457
92123,32999,4760,16272,2227,298,7266,690,7206,1486
92124,31032,3821,20293,2044,120,3370,50,6283,1334
92126,77239,8654,22381,2558,122,38016,276,12729,5232
92127,50711,6507,25539,1031,340,16372,11,4050,911
92128,48492,5284,27358,1217,58,13180,143,5123,1252
92129,53080,5573,26241,841,100,18336,112,6573,1877
92130,59768,6062,31542,199,271,20009,82,5434,1603
92131,35831,4349,18985,508,19,10842,23,3916,1105
92132,0,0,0,0,0,0,0,0,0
92134,295,11,119,130,8,0,0,57,27
92135,1013,128,458,118,34,92,44,332,139
92136,8774,730,4492,1621,126,1060,26,2034,719
92139,34780,7821,7734,3701,255,9974,635,14302,4660
92140,2490,252,1542,221,33,141,0,880,301
92145,2583,320,1410,376,48,101,7,823,321
92147,172,12,106,23,0,0,0,52,31
92154,82832,24613,27060,4675,1090,10154,362,56575,14878
92155,141,15,65,22,0,0,9,63,30
92161,24,0,24,0,0,0,0,12,0
92173,26507,10541,7296,438,338,659,162,24549,7073
92179,3034,265,1341,921,78,69,18,1272,342
92182,0,0,0,0,0,0,0,0,0
92201,66364,25758,21365,2525,950,1847,134,49198,13785
92203,33381,9595,17075,692,104,967,10,17062,4938
92210,4830,223,4197,157,0,155,8,233,90
92211,27375,2949,21031,738,332,1052,14,4418,1259
92220,33428,6952,14965,2107,1280,1704,6,16181,6414
92222,0,0,0,0,0,0,0,0,0
92223,62797,10048,31657,5318,764,4412,79,28093,10519
92225,21101,2844,7293,2348,333,508,53,12350,7722
92227,28147,7013,10942,277,525,364,3,23605,9023
92230,2105,239,1130,6,0,18,29,1108,683
92231,38547,10459,10711,64,315,567,6,37588,16425
92233,6837,1512,2025,684,65,145,7,5491,2399
92234,52047,14182,21868,1002,1253,3245,123,30650,10374
92236,42884,20256,4385,111,266,59,34,41495,17773
92239,167,16,93,12,0,3,0,62,43
92240,40918,11201,14851,3240,882,858,209,26335,9677
92241,8624,1401,5346,71,93,146,0,3958,1567
92242,1203,106,1047,0,25,0,0,146,25
92243,48556,11592,12230,1966,452,549,10,41210,21757
92249,7308,2563,1919,126,136,24,0,7154,2540
92250,7854,1503,2555,72,45,53,0,6052,3626
92251,27197,8208,9043,885,186,840,5,22508,8030
92252,7916,1237,5838,207,98,136,36,1756,364
92253,38281,7090,23316,475,459,1669,57,14208,5215
92254,10779,4988,688,0,273,0,0,10651,4830
92256,3907,452,2758,123,96,35,16,1206,427
92257,2185,492,773,264,11,136,0,1301,509
92258,508,153,160,17,51,3,0,382,124
92259,237,21,169,0,0,0,0,68,47
92260,30751,6035,20279,557,101,1148,96,9433,2535
92262,26064,3323,17032,2503,161,837,52,7151,2156
92264,20250,2475,14895,455,250,1211,56,4115,908
92266,152,0,140,0,0,0,0,36,12
92267,0,0,0,0,0,0,0,0,0
92268,315,0,315,0,0,0,0,88,0
92270,17375,1114,13910,293,116,629,35,2643,1278
92273,1551,527,558,100,0,0,0,1248,366
92274,17909,8836,2815,106,173,66,0,15814,5913
92275,1410,405,602,0,21,0,0,850,382
92276,7662,3282,2957,13,345,47,0,4894,1018
92277,27742,6694,15528,2536,367,1175,401,6521,1041
92278,3839,1054,2104,405,43,172,8,1199,53
92280,0,0,0,0,0,0,0,0,0
92281,1904,514,723,22,56,0,0,1732,589
92282,1494,441,662,74,80,31,0,746,206
92283,1795,216,527,0,1007,6,0,344,39
92284,25782,4707,17929,755,517,511,337,6429,1026
92285,2914,442,2025,119,114,54,15,578,145
92301,38651,13071,10039,6223,565,660,95,26575,7998
92304,0,0,0,0,0,0,0,0,0
92305,371,24,323,0,0,7,0,22,17
92307,40666,9118,24109,2126,611,1464,35,15653,3203
92308,42402,8148,24368,3927,153,1389,163,16265,4254
92309,490,152,268,0,4,14,0,381,52
92310,8791,1508,5735,1022,38,188,153,2373,147
92311,33982,7351,14944,5190,988,667,424,15611,4418
92313,13069,1947,6263,655,110,577,198,6984,3319
92314,10410,1355,8286,1,214,48,57,2715,449
92315,5215,962,3907,32,28,125,0,1272,161
92316,31909,7662,8781,1069,653,241,0,26090,13503
92317,708,51,633,24,0,0,0,144,0
92320,10680,1259,6728,326,150,363,0,3331,1854
92321,828,144,676,0,0,0,0,338,8
92322,605,254,327,0,0,24,0,158,0
92324,57049,13733,16380,4661,761,2205,506,42502,18803
92325,9689,1926,7061,223,16,27,0,2453,436
92327,706,154,396,156,0,0,0,163,0
92328,872,116,724,0,22,7,0,273,3
92332,106,0,47,0,0,12,0,47,47
92333,403,36,365,0,0,0,0,10,2
92335,95295,12286,16407,3528,1576,2288,165,80419,59045
92336,103393,17576,27635,11592,1020,12382,238,57170,32950
92337,36944,7178,6816,3170,430,3203,16,26567,16131
92338,0,0,0,0,0,0,0,0,0
92339,1277,269,942,11,0,0,0,348,55
92341,299,38,180,0,0,59,0,81,22
92342,6677,1488,3994,282,0,336,241,1489,336
92344,20671,3778,10227,885,143,1035,69,10625,4534
92345,87906,16387,48186,3966,1130,1191,180,53575,16866
92346,56956,7984,22714,5026,766,4888,49,30411,15529
92347,630,89,532,9,0,0,0,61,0
92350,394,63,141,34,0,135,0,90,21
92352,6496,1035,4881,39,65,139,0,1185,337
92354,23076,2767,8488,2265,331,6535,37,6351,2653
92356,6665,1119,3961,195,142,216,0,2133,1032
92358,712,34,625,0,28,25,0,234,0
92359,9394,1966,5356,521,0,382,76,3461,1093
92363,5392,837,3614,159,611,39,3,1542,129
92364,15,0,15,0,0,0,0,0,0
92365,2514,493,1528,233,0,198,0,729,62
92368,925,244,496,25,3,36,0,460,121
92369,3305,497,1306,1004,122,160,22,926,194
92371,21678,4807,13658,148,260,635,80,10251,2090
92372,4854,658,3594,2,0,304,23,1773,273
92373,34816,4390,20633,1767,191,4324,0,8615,3511
92374,44287,8337,21193,2552,382,3763,603,19197,7457
92376,84161,18388,22689,9230,1122,1541,37,65525,31154
92377,21685,4170,6293,3876,95,749,21,13509,6481
92378,445,35,317,13,0,11,0,232,69
92382,5301,926,3958,8,62,140,0,1101,207
92384,18,0,18,0,0,0,0,0,0
92385,186,19,167,0,0,0,0,47,0
92386,2037,118,1711,116,26,66,0,229,0
92389,169,15,117,0,23,9,5,10,0
92391,2192,549,1017,199,28,232,76,804,91
92392,64352,15247,25098,9189,1090,2812,560,35585,10356
92394,39230,9337,13061,8003,675,1491,0,22539,6663
92395,49323,9157,22595,6887,634,2374,10,24223,7666
92397,5699,405,4534,34,125,232,67,892,302
92398,1657,278,1241,0,0,136,0,367,2
92399,55029,8275,36445,969,415,1945,135,19625,6845
92401,2283,61,551,560,79,73,10,1358,949
92404,63067,9567,19029,6740,775,1829,17,43213,25110
92405,31207,3944,9654,3156,284,873,0,22243,13296
92407,69191,11513,24252,7465,607,2950,399,44729,22005
92408,13880,1646,3621,1204,546,2348,0,8513,4515
92410,48286,5734,11087,4631,439,1378,139,38443,24878
92411,27157,4176,4513,2467,244,663,238,22409,14856
92415,0,0,0,0,0,0,0,0,0
92501,22079,2685,8807,1537,553,519,7,13702,7971
92503,88242,13235,30438,3376,801,7065,372,53622,32955
92504,57085,8199,24987,4627,324,2330,481,32203,16137
92505,53063,8890,17829,3193,606,5505,48,32062,16992
92506,44311,6789,26244,1915,201,2222,5,15819,6935
92507,61920,8314,19597,5582,827,9037,181,32213,18382
92508,36777,6867,17373,2241,389,4598,304,13022,5005
92509,80149,13103,24973,3049,1137,3038,90,59222,34759
92518,1236,319,578,80,0,155,0,247,104
92521,0,0,0,0,0,0,0,0,0
92530,60877,12815,23631,2656,920,2503,129,37029,18223
92532,27268,5055,14529,1882,100,2864,6,10206,2832
92536,2749,686,1853,9,0,76,77,470,48
92539,3480,543,2006,6,127,439,0,1250,359
92543,39878,7344,17601,4224,892,860,0,21560,8957
92544,51694,9045,29262,2713,931,1483,65,25569,8195
92545,45771,7862,22221,3696,525,2192,146,21130,9129
92548,6435,564,3761,46,180,166,0,4191,1718
92549,3823,290,2322,23,66,346,0,927,776
92551,36190,5343,6198,6526,242,1536,327,24668,16018
92553,73189,9344,13310,11103,922,3864,385,48796,34261
92555,45751,6447,13390,9595,527,3290,253,22382,12249
92557,55749,8373,14609,9868,824,2964,412,29928,18699
92561,1891,256,1396,0,33,12,0,421,194
92562,65116,10741,39968,2905,477,3925,497,20785,6603
92563,77860,13550,37643,5495,674,10195,194,24527,10109
92567,10697,2628,4141,111,47,8,27,7294,3735
92570,57336,8704,13294,2471,639,1565,88,44177,30575
92571,60153,11017,12245,6164,820,1746,430,47080,27731
92582,22732,4966,7012,1619,114,750,0,15261,8271
92583,33685,7911,13166,1604,867,961,315,20229,8861
92584,57551,10843,29179,4384,553,4808,397,20186,7387
92585,29500,6996,11201,2137,684,1656,101,15548,6725
92586,19391,3219,12260,1167,128,642,84,5969,1891
92587,18382,2712,11198,723,228,582,78,5604,2861
92590,5108,658,2643,162,32,437,0,1959,1176
92591,41673,6966,23852,1553,93,4410,42,12335,4757
92592,80933,12573,48314,3851,725,9460,143,20204,5867
92595,34505,6347,17249,1250,317,1838,215,14114,7289
92596,36725,6019,17560,2485,296,4231,563,12361,5571
92602,27358,4098,8727,164,13,13169,126,4365,1061
92603,19264,1374,9835,53,0,7659,34,1661,309
92604,27750,2752,14321,394,118,8829,227,3304,1109
92606,24499,4035,8299,291,7,10827,284,2578,756
92610,13182,2063,6072,139,67,4078,335,2138,428
92612,33706,2540,16298,787,56,12579,83,3250,1363
92614,29617,4812,13778,1394,98,8705,75,3235,755
92617,22172,3689,8161,1347,161,7645,13,4617,1156
92618,62296,5975,22519,904,109,29971,314,6964,2504
92620,61744,5356,17480,968,185,36575,108,5106,1072
92624,6685,531,5150,39,17,142,0,1843,806
92625,12328,1248,9941,0,26,929,0,1259,184
92626,50569,8106,27124,1181,479,6919,822,15304,5938
92627,60751,10695,31759,583,820,2884,186,24960,13824
92629,26198,2781,20689,588,10,946,7,3572,1177
92630,66461,10352,35068,1215,696,12793,92,18021,6245
92637,17342,592,11989,122,145,4125,40,832,329
92646,55814,7374,37494,508,310,7408,96,8927,2624
92647,58794,8700,32124,1484,285,8559,316,15929,7326
92648,45521,6411,30896,269,395,5077,311,7411,2162
92649,35504,5101,25159,223,63,3597,222,5754,1139
92651,23477,2134,19760,97,37,861,60,2152,528
92653,29596,4057,17581,339,132,4365,47,6297,3075
92655,8101,695,1808,75,188,3604,18,2832,1713
92656,52645,7286,31651,1105,74,9146,17,10481,3366
92657,10224,754,7281,30,0,1985,11,544,163
92660,34788,3456,26646,508,212,3153,0,3392,813
92661,3095,686,2292,0,0,71,0,320,46
92662,2285,133,2091,0,0,61,0,137,0
92663,21584,1626,18544,35,24,587,13,2892,755
92672,37470,5282,28338,929,134,1217,111,7029,1459
92673,29828,4404,22010,571,65,1789,12,5035,977
92675,34998,6420,21934,190,217,1367,0,12839,4870
92676,1967,133,1696,0,0,89,0,196,49
92677,64023,7566,43426,1083,156,7400,115,9883,4277
92678,668,36,500,14,28,30,2,69,58
92679,30966,3716,22250,542,158,2922,66,4951,1312
92683,90140,8310,22003,819,418,46177,391,21861,12022
92688,43937,6858,27852,486,73,5834,23,9494,2811
92691,46618,7199,30144,490,159,5430,64,10569,3132
92692,46568,5919,29648,500,386,7919,134,8291,2062
92694,35019,4417,24715,283,57,4713,35,3429,799
92697,0,0,0,0,0,0,0,0,0
92701,48272,6691,7883,241,860,2429,97,42334,30071
92703,62223,11549,9590,463,1107,10172,87,47969,29255
92704,80408,13609,14810,658,1369,14911,66,57238,34985
92705,48680,8222,23230,615,154,5581,0,23440,10878
92706,37191,8177,10199,356,193,3112,55,26552,15099
92707,59213,9105,10056,536,1056,4888,102,48999,33470
92708,56358,7060,24266,657,280,20600,470,9822,3025
92780,54495,8526,21961,1549,458,7810,213,28276,13978
92782,29947,3382,11534,624,118,12582,0,5274,1707
92801,61218,11621,20636,2302,522,11654,75,35851,14408
92802,43698,10920,17324,1082,174,6737,76,29991,7385
92804,83435,14488,31447,2746,1000,22546,1076,38269,10132
92805,74336,18255,26198,1325,1196,10023,298,51716,17041
92806,40528,10008,17322,873,680,5567,151,23467,5927
92807,37270,5504,22400,351,123,6580,27,8928,2285
92808,20829,2821,11917,437,59,4613,27,2778,955
92821,42196,5860,20685,607,314,10309,35,13495,4386
92823,5141,881,1369,236,22,2230,0,1087,403
92831,35831,5328,17610,920,341,5990,87,14931,5555
92832,26364,4958,10028,505,93,3890,57,14610,6833
92833,52038,8013,17318,1143,441,18453,188,20632,6482
92835,26753,2694,15731,370,32,6284,0,5555,1642
92840,54475,8062,17589,618,236,20388,235,23495,7347
92841,33514,3378,8126,373,268,16248,121,11463,5000
92843,46553,7182,9688,204,746,20528,14,21586,8191
92844,22719,1771,3667,742,190,12895,123,5298,3331
92845,15484,2157,10028,246,54,2132,35,3016,832
92860,25268,3592,14492,679,116,999,36,10172,5354
92861,5776,468,4045,35,0,1064,0,747,164
92865,20897,3572,10682,279,268,3138,56,8310,2902
92866,14776,3104,9196,57,239,1033,73,5290,1074
92867,44003,9069,23607,671,443,5046,192,17115,4975
92868,27390,4085,12878,765,635,4441,192,14040,4394
92869,36684,6640,20058,434,308,4680,111,13978,4453
92870,52384,10484,25601,1257,234,9542,63,18817,5203
92879,48756,6464,15405,2440,772,6284,19,28978,17372
92880,75453,11502,22796,5365,787,20794,271,29770,13938
92881,29986,5170,15000,1080,141,4129,266,10282,4200
92882,69385,12038,29971,3209,658,6401,106,35795,17002
92883,39071,7856,17709,4121,214,4825,0,12870,4346
92886,49919,5916,28433,374,63,12664,57,8694,2412
92887,19985,2135,11971,257,74,4943,7,3116,598
93001,31885,5883,21376,227,467,1035,44,12437,2853
93003,52511,7870,37330,818,403,2263,65,17329,3762
93004,31326,6147,19553,754,333,1510,77,12679,2952
93010,46715,7123,30609,1509,344,3593,103,15725,3434
93012,36007,5702,22589,1352,284,4692,103,8924,1285
93013,16348,2797,9677,148,170,503,0,6648,3053
93015,18917,4444,11011,61,60,288,0,13576,3053
93021,37702,7430,23723,1023,331,2517,25,12416,2653
93022,5929,630,4741,4,69,57,6,1575,422
93023,21559,2108,17448,88,163,750,57,4318,945
93030,58573,24672,18697,1122,1842,3739,122,46375,8379
93033,80482,29091,26805,854,3583,5323,252,69591,14574
93035,26476,7349,13601,272,467,1490,35,13488,3262
93036,47938,13851,21819,1555,1403,2945,118,34248,6247
93040,1904,289,763,27,0,44,0,1674,781
93041,23179,6606,11192,572,147,750,44,13800,3868
93042,107,0,51,29,13,0,0,40,14
93043,549,109,259,69,18,48,3,128,43
93060,34640,6312,21527,440,433,396,18,26667,5514
93063,56110,8542,35264,992,342,6577,126,13815,4267
93064,0,0,0,0,0,0,0,0,0
93065,72585,10456,46694,761,666,6871,202,20531,6935
93066,2979,484,2175,0,0,71,16,1137,233
93067,993,275,445,0,91,182,0,335,0
93101,30496,7140,16254,309,532,981,52,14721,5228
93103,19803,2865,11327,265,277,786,0,9555,4283
93105,25055,3447,18818,355,308,801,17,5609,1309
93106,5613,617,2673,71,18,1857,49,776,328
93108,11664,1512,9354,8,72,376,0,1180,342
93109,11069,980,8554,218,0,197,88,2083,1032
93110,16385,2237,10776,254,145,808,6,5171,2159
93111,18234,2263,12808,211,209,1245,0,4289,1498
93117,52225,7859,28180,1454,424,7426,39,16316,6843
93201,1146,270,551,0,7,7,0,994,311
93202,4014,584,1376,45,110,439,0,2954,1460
93203,20571,5959,7840,195,182,129,0,19351,6266
93204,13441,3230,2872,444,272,149,32,11626,6442
93205,2191,129,1916,0,35,0,0,171,111
93206,1953,593,858,5,0,0,0,1577,497
93207,247,0,218,1,27,0,0,1,1
93208,175,0,148,0,27,0,0,0,0
93210,18975,3500,7074,760,438,505,100,12587,6598
93212,23407,5932,7643,2460,598,283,41,17415,6450
93215,53627,19930,12926,2057,503,7061,31,41242,11119
93218,779,300,269,0,4,0,0,698,206
93219,9708,3846,1590,46,14,652,0,8888,3560
93220,0,0,0,0,0,0,0,0,0
93221,14399,2357,8171,26,112,324,0,7609,3409
93222,2538,207,1653,0,35,415,0,544,228
93223,10359,3357,3274,21,129,37,22,9236,3519
93224,430,40,335,2,0,0,0,79,53
93225,4532,347,3992,0,0,32,0,623,161
93226,64,2,57,0,5,0,0,0,0
93227,177,177,0,0,0,0,0,177,0
93230,69130,13294,37052,3843,1082,2195,60,35934,11604
93234,6477,2370,614,74,319,0,0,6347,3100
93235,4408,798,1321,0,118,0,0,3990,2171
93237,89,10,70,0,9,0,0,10,0
93238,726,14,585,18,0,19,79,51,11
93239,1349,170,239,0,0,0,0,1329,940
93240,5622,289,4658,39,81,135,0,739,420
93241,15571,3906,7166,274,146,178,0,14636,3901
93242,2611,552,1444,15,224,5,0,1757,371
93243,900,96,635,0,34,86,0,279,49
93244,123,25,91,0,0,0,0,10,7
93245,37443,7048,19064,2779,810,2235,47,16464,5460
93246,1024,207,517,196,12,70,22,253,0
93247,17967,4469,4987,87,237,165,28,15100,7994
93249,2164,1154,598,0,0,0,0,2097,412
93250,15451,6804,4753,152,116,131,0,13911,3495
93251,280,100,173,0,0,0,0,192,7
93252,1429,205,1041,6,0,21,7,480,149
93254,794,147,481,0,5,6,24,414,131
93255,739,100,471,0,0,57,0,111,111
93256,5900,2254,957,219,0,144,0,5119,2326
93257,79340,18167,28717,582,2257,2072,427,57233,27118
93258,1241,249,68,0,0,193,0,980,731
93260,151,0,147,0,0,0,0,0,4
93261,2197,806,506,0,0,27,0,2080,858
93262,15,6,0,0,0,0,0,15,9
93263,23423,8089,9321,311,295,276,10,18628,5121
93265,3532,667,2469,2,0,205,36,784,153
93266,1672,267,615,0,47,0,193,1246,550
93267,5879,1272,2589,18,21,17,0,4531,1962
93268,16956,2302,11885,117,89,48,21,7450,2494
93270,5703,774,2584,18,32,32,0,3649,2263
93271,2218,169,1744,59,23,99,0,334,124
93272,4359,1114,2170,8,13,0,0,3781,1054
93274,79154,18987,36939,1864,755,1992,116,50436,18501
93276,175,33,136,0,0,0,0,16,6
93277,53406,10986,30109,1458,894,2181,24,25738,7754
93280,27266,11679,7498,1136,282,263,11,23559,6397
93283,2129,143,1831,0,53,0,0,227,102
93285,2415,135,1969,0,10,0,0,453,301
93286,10516,1526,4057,88,403,79,20,8279,4343
93287,134,22,92,0,12,0,3,30,5
93291,63049,10872,27996,1310,832,5848,19,33222,16172
93292,45523,8698,22257,798,630,1369,44,25741,11727
93301,14026,2237,7459,833,347,281,46,6311,2823
93304,51457,9256,16546,5265,777,1638,60,36622,17915
93305,36998,6707,18043,2044,950,278,3,28023,8973
93306,73370,14920,31226,2568,1055,1866,420,49287,21315
93307,88233,10996,48044,5342,989,2393,113,70809,20356
93308,55788,8267,36438,1461,601,1421,142,17912,7458
93309,63989,18729,27792,5409,686,2543,33,34493,8797
93311,52505,11467,23595,3059,422,9170,35,20048,4757
93312,58265,12375,35809,1323,699,3725,127,19005,4207
93313,60331,16919,22791,3984,577,8006,121,34471,7933
93314,34997,3715,25614,679,317,2817,55,8598,1800
93401,29995,3581,22827,470,148,1292,42,5366,1635
93402,15085,1602,11873,94,80,566,33,2868,837
93405,23856,2402,18636,241,140,1493,42,3524,902
93407,348,72,218,0,0,46,0,78,12
93408,8,0,7,1,0,0,0,0,0
93409,2687,850,540,905,41,94,14,1013,243
93410,7038,1635,4008,118,0,1202,2,1609,73
93420,32016,5879,23840,224,80,1091,0,5585,902
93422,33512,4351,25744,192,238,1276,10,7258,1701
93424,1026,70,956,0,0,0,0,97,0
93426,1509,92,1317,0,8,2,0,222,90
93427,5866,448,4783,15,9,55,11,1408,545
93428,6269,1084,4489,11,160,67,0,1811,458
93429,129,0,97,0,0,0,0,89,32
93430,3257,266,2818,0,0,46,0,572,127
93432,1229,115,1069,0,0,6,0,173,39
93433,12684,2869,8295,133,149,263,48,4812,927
93434,8451,3353,2225,2,319,230,0,7485,2322
93436,55834,14225,26649,2016,1309,1680,93,31418,9862
93437,3688,582,2347,376,48,167,26,537,142
93440,896,43,778,60,0,10,0,71,5
93441,990,115,841,0,0,8,0,167,26
93442,11336,975,9042,30,84,543,0,1453,662
93444,21495,4935,12778,282,502,691,86,9489,2221
93445,6812,1178,4427,73,32,58,0,2969,1044
93446,45859,6998,31450,252,562,1322,39,13895,5236
93449,8024,726,6518,73,13,252,172,935,270
93450,740,26,403,0,0,0,0,518,311
93451,5007,626,3039,73,358,33,0,2758,878
93452,301,0,131,0,0,0,0,187,170
93453,2003,246,1717,0,0,0,0,243,40
93454,41710,15239,16701,449,1335,1254,6,30626,6726
93455,44350,10775,26211,845,417,2377,36,18216,3689
93458,59126,24293,19784,317,2100,2421,25,51353,10186
93460,6425,750,5257,62,153,55,0,1409,148
93461,1353,428,733,0,9,0,11,690,172
93463,8099,1164,6119,32,0,234,19,1571,531
93465,10248,1257,8520,0,25,123,0,1615,323
93501,5944,1057,2070,1296,33,60,26,2823,1402
93505,14767,2344,6104,3446,371,220,6,5909,2276
93510,7562,718,5171,82,23,218,0,2664,1350
93512,297,9,243,0,39,0,0,18,6
93513,1525,99,959,0,305,14,3,221,145
93514,14961,2111,9850,117,1341,305,42,3805,1195
93516,2742,540,1448,130,123,150,8,950,343
93517,513,162,285,12,34,14,0,179,6
93518,1115,136,968,0,0,4,0,125,7
93519,0,0,0,0,0,0,0,0,0
93522,74,47,27,0,0,0,0,0,0
93523,3681,818,2162,436,40,106,0,494,119
93524,63,20,22,6,1,8,0,23,6
93526,912,159,616,62,54,0,0,124,21
93527,1801,195,1544,0,10,12,0,164,40
93528,77,0,0,0,0,77,0,0,0
93529,209,0,125,0,84,0,0,0,0
93530,21,0,21,0,0,0,0,0,0
93531,497,62,419,0,0,16,0,78,0
93532,2762,313,2135,57,44,56,25,544,132
93534,42290,8849,14224,11579,647,1613,100,17661,5278
93535,80478,20127,24881,16945,1053,2104,170,44101,15198
93536,72013,13659,36155,9496,813,3549,109,26963,8232
93541,889,0,807,0,0,0,0,275,82
93543,12217,2784,4774,158,71,124,100,9232,4206
93544,1201,283,742,0,0,0,0,598,176
93545,1394,363,739,3,212,6,0,398,71
93546,8803,1483,6614,0,45,234,0,2278,427
93549,244,0,237,0,0,7,0,46,0
93550,79929,11998,22472,11653,1932,2284,160,55352,29430
93551,54956,9233,24923,6184,335,4988,129,23772,9164
93552,43903,9395,12110,5565,595,856,24,31765,15358
93553,1349,56,1161,6,0,0,0,217,126
93554,102,0,102,0,0,0,0,0,0
93555,33629,3911,23278,1652,413,1205,96,6645,3074
93558,0,0,0,0,0,0,0,0,0
93560,21537,3763,9597,2754,263,635,7,9618,4518
93561,31179,2680,24174,224,376,714,12,7412,2999
93562,1822,251,1348,38,32,21,0,398,132
93563,218,25,135,51,0,0,0,49,7
93581,3447,847,1351,723,21,63,0,1747,442
93591,7531,2973,2684,451,70,170,0,5280,1183
93601,1248,163,1032,4,21,0,0,157,28
93602,3091,374,2378,2,267,5,0,305,65
93603,177,0,177,0,0,0,0,0,0
93604,518,61,441,0,16,0,0,78,0
93605,83,0,73,0,10,0,0,6,0
93606,1031,526,193,0,12,104,0,894,196
93608,879,134,414,0,0,0,0,852,331
93609,5071,720,1851,245,10,95,0,3475,2150
93610,24088,3078,10942,1179,315,1159,22,11801,7393
93611,46631,7244,27685,1046,486,5519,172,14311,4479
93612,37790,6738,20338,905,623,4377,65,15523,4744
93614,11144,1462,8375,212,131,100,0,1615,864
93615,5665,668,1071,212,14,78,0,5375,3622
93616,2173,454,699,0,0,125,0,1878,895
93618,32223,6816,12751,83,281,293,0,27886,11999
93619,53381,7578,33842,896,442,8108,38,12234,2477
93620,10173,1754,3668,160,125,253,0,7365,4213
93621,345,0,243,0,0,16,0,86,86
93622,9683,1294,2493,17,93,12,0,9105,5774
93623,4,0,0,0,3,1,0,3,0
93624,764,52,84,51,0,0,0,662,577
93625,8889,2014,3857,199,51,949,1,6121,1818
93626,3039,474,2224,96,35,186,0,474,24
93627,295,96,0,0,0,0,0,295,199
93628,397,0,369,0,0,28,0,77,0
93630,21352,6406,5786,151,198,1087,14,16907,7710
93631,16656,2646,11063,80,183,1001,0,7188,1683
93633,32,0,32,0,0,0,0,0,0
93634,25,3,10,6,0,0,2,7,4
93635,49232,6122,19089,872,1762,1183,8,35728,20196
93636,14777,2902,8479,126,760,569,0,6085,1941
93637,42278,8576,16865,1556,801,1083,44,31391,13353
93638,51502,11378,13276,924,722,930,97,42775,24175
93640,14507,3128,4095,248,102,74,0,13784,6860
93641,271,32,197,30,0,1,0,60,11
93643,2778,428,2059,3,246,6,14,240,22
93644,6490,413,5630,74,1,49,19,758,304
93645,1082,522,544,0,0,0,0,538,16
93646,10047,3136,3015,123,18,79,0,9515,3676
93647,11370,1162,2753,132,244,745,0,9924,6334
93648,15108,3124,5322,44,35,75,0,14636,6508
93650,2969,985,685,155,17,195,0,2277,932
93651,1441,253,1135,38,0,15,0,255,0
93652,314,21,97,0,0,0,0,299,196
93653,1314,117,1111,0,28,11,3,175,44
93654,31905,5872,14110,528,306,664,6,23986,10419
93656,6224,1183,2297,11,14,137,0,4733,2582
93657,36536,6189,16427,176,910,1763,195,24693,10876
93660,4062,786,808,185,33,0,0,3810,2250
93662,29499,5513,12844,253,545,939,26,23325,9379
93664,328,44,282,0,0,2,0,56,0
93665,422,0,254,86,0,0,0,336,82
93666,696,87,99,0,0,0,0,635,510
93667,2118,336,1537,0,69,118,0,314,58
93668,806,134,108,0,1,0,0,698,563
93669,297,12,279,0,6,0,0,15,0
93670,106,0,0,0,0,0,0,106,106
93673,354,59,163,0,7,0,0,263,125
93675,3739,358,2062,16,0,405,0,1471,898
93701,10258,2343,2846,699,345,446,0,7899,3579
93702,45241,11562,12167,1884,959,4792,39,34133,13838
93703,34166,8862,8238,2705,362,4744,35,21510,9220
93704,29172,5646,14939,1446,242,1219,22,13137,5658
93705,37940,12721,14052,2489,711,2494,5,23517,5468
93706,40635,8993,12790,4953,799,3417,28,26280,9655
93710,32579,5462,16872,1782,350,2792,6,12377,5315
93711,39360,6152,23628,2108,269,3565,185,10927,3453
93720,49463,7917,27635,1720,203,8242,21,13702,3725
93721,7606,1687,3035,1058,143,217,71,4302,1395
93722,84500,21788,28552,7604,1109,12823,135,42066,12489
93723,14158,2969,5595,868,136,2796,15,6574,1779
93725,25520,5068,7332,1220,239,4528,61,16361,7072
93726,44766,10759,17551,2514,934,3675,104,25969,9229
93727,83630,17978,25018,4411,1375,22983,342,38378,11523
93728,18077,5370,8513,171,452,697,0,12657,2874
93730,13021,1547,7460,327,12,2964,41,2156,670
93737,6360,907,2571,131,17,2481,0,1444,253
93740,1166,271,416,82,21,120,0,587,256
93741,69,0,0,0,0,0,0,69,69
93901,29480,4717,11426,485,347,1673,41,18222,10791
93905,64596,6300,8549,434,780,2113,89,60493,46331
93906,64592,8608,14990,1147,604,4702,89,49019,34452
93907,24922,3861,10180,477,138,1955,129,14342,8182
93908,12517,1989,7924,26,0,950,0,3678,1628
93920,1564,251,859,0,9,0,0,687,445
93921,2459,220,2132,29,0,75,0,64,3
93923,12377,1162,9948,130,32,855,16,1380,234
93924,6046,380,5322,93,24,42,47,420,138
93925,1320,53,229,0,0,4,0,1155,1034
93926,8998,1906,1146,44,77,89,0,8359,5736
93927,21131,2608,3125,210,172,213,0,19909,14803
93928,1084,104,885,10,7,72,0,182,6
93930,17124,2197,4025,19,453,172,0,14384,10258
93932,431,7,413,0,0,0,0,195,11
93933,27617,5366,11954,1701,166,3918,738,8277,3774
93940,30951,3657,20746,794,157,2118,156,6580,3323
93943,11,0,11,0,0,0,0,0,0
93944,2719,215,2123,184,29,138,0,358,30
93950,15003,1715,11277,133,66,1106,18,1777,688
93953,3576,160,3054,0,5,308,8,130,41
93954,269,17,65,0,0,0,0,222,187
93955,32253,5960,12880,1629,45,3331,596,14798,7812
93960,25736,2590,4945,1784,280,778,84,20412,15275
93962,189,29,127,0,33,0,0,62,0
94002,27730,2859,13984,589,83,8171,347,3965,1697
94005,4718,476,2321,1,78,1525,24,1073,293
94010,42794,3959,23642,358,41,12754,78,4787,1962
94014,46269,5099,6772,1287,668,25462,290,13788,6691
94015,64121,6151,11893,2076,767,38860,795,10190,3579
94018,3404,162,2878,0,11,64,0,384,289
94019,14754,2766,9781,119,0,575,1,4353,1512
94020,1745,146,1296,0,1,141,0,95,161
94021,332,0,305,0,0,27,0,0,0
94022,19993,1203,10266,16,22,8165,51,897,270
94024,23673,1878,12529,326,3,8373,85,1362,479
94025,40230,4999,23615,1161,199,7068,129,7826,3059
94027,7030,632,4909,57,4,1304,13,823,111
94028,6645,472,5213,10,0,514,0,831,436
94030,22589,2093,7685,113,69,11071,284,2724,1274
94037,2897,390,2264,0,0,51,0,508,192
94038,3016,277,2141,14,9,159,0,890,416
94040,35581,3697,15435,472,200,13504,0,4916,2273
94041,15841,1990,7172,291,186,4253,0,4476,1949
94043,32042,5099,13217,958,176,10810,87,5932,1695
94044,37540,5460,20556,754,607,7956,608,7262,1599
94060,1389,226,567,0,0,0,0,750,596
94061,37369,5493,16732,1038,978,5400,272,14063,7456
94062,25944,3434,18784,460,33,2337,36,3398,860
94063,34695,7719,10004,777,1179,3879,397,22241,10740
94065,11620,1171,4821,58,29,5289,81,749,171
94066,42875,5977,14904,625,56,13673,1118,12827,6522
94070,30696,4091,18224,253,66,6694,249,3316,1119
94074,92,30,62,0,0,0,0,30,0
94080,65036,8317,17225,1137,445,27807,723,20214,9382
94085,23159,2360,4654,269,123,11286,25,6860,4442
94086,48956,5310,15204,648,190,23809,0,8370,3795
94087,58126,4306,19911,918,429,30052,28,4883,2482
94089,23214,1982,6824,408,42,10584,142,5467,3232
94102,34983,4376,11476,3430,854,10079,319,7706,4449
94103,33524,3559,11912,3315,799,10501,185,6705,3253
94104,478,54,195,28,0,185,0,61,16
94105,14890,769,5394,275,30,7974,103,1406,345
94107,30190,3653,14153,862,51,9587,35,3908,1849
94108,11008,862,3565,196,15,5886,0,819,484
94109,54397,5205,28932,2408,356,14453,38,7216,3005
94110,66687,10189,30359,2593,872,10650,77,21385,11947
94111,4553,185,1732,76,0,2513,0,98,47
94112,80133,7255,15704,2667,728,41518,314,21075,11947
94114,33627,4112,22891,776,241,4617,71,3350,919
94115,32715,3685,17066,3472,34,6552,0,3469,1906
94116,42523,4176,12892,558,27,23472,139,2901,1259
94117,37575,3870,25304,1469,215,5239,55,3556,1423
94118,39275,4123,20307,647,97,12833,72,3871,1196
94121,42987,4150,18441,920,180,18025,7,3603,1264
94122,57369,6210,21857,1008,96,25678,349,6592,2171
94123,24518,2654,18420,119,58,2738,100,2194,429
94124,36226,3122,3848,9556,216,13059,609,9135,5816
94127,20710,2913,10444,623,112,5938,4,2320,676
94128,0,0,0,0,0,0,0,0,0
94129,3808,1156,2208,35,9,206,0,851,194
94130,2829,570,1009,570,35,203,23,895,419
94131,27809,3558,15207,1134,97,6433,21,3660,1359
94132,27406,2629,7497,1749,120,13139,77,3941,2195
94133,24753,2149,8853,704,194,11897,62,2604,894
94134,40142,2772,6106,1834,88,24331,349,8541,4662
94158,11206,1222,2868,1523,0,4771,132,1404,690
94188,0,0,0,0,0,0,0,0,0
94301,17126,1891,10136,377,2,4478,55,1027,187
94303,47123,5265,13812,3908,1231,10203,1323,18955,11381
94304,4731,557,2709,60,21,1080,20,637,284
94305,17912,2158,9085,861,87,4666,44,2868,1011
94306,27527,2361,12748,659,104,10286,31,2260,1338
94401,35628,5890,11541,442,1090,8830,1140,13468,6695
94402,25498,3031,13180,350,4,6791,249,3823,1893
94403,43459,4974,18693,690,296,12621,312,10469,5873
94404,35950,3193,12459,621,71,18726,46,2427,834
94501,63517,9267,27926,4352,351,17860,347,9206,3414
94502,13359,1906,5431,307,16,5394,0,1709,305
94503,21852,3182,6636,1243,154,7374,260,6744,3003
94505,15316,2013,10379,946,118,776,12,2754,1072
94506,27261,2364,14209,921,13,9213,27,1729,514
94507,14546,1395,11114,94,1,1555,0,1073,387
94508,3298,456,2079,136,60,425,0,619,142
94509,71013,12790,21826,11837,1178,6437,1123,30196,15822
94510,26879,4015,17298,938,38,3220,94,4091,1276
94511,2144,70,1443,0,0,145,37,545,449
94512,134,0,134,0,0,0,0,0,0
94513,68160,9314,32889,6656,273,11211,232,17151,7585
94514,2044,330,1184,2,30,106,0,853,392
94515,6921,1265,4516,73,15,124,0,2829,928
94516,208,23,178,0,0,0,5,2,2
94517,12164,1564,8534,317,39,1332,0,1557,378
94518,27743,4904,14346,543,361,3661,99,8003,3829
94519,19918,3990,9789,476,91,2771,41,6417,2760
94520,36767,7407,12811,1679,612,3787,24,18886,10447
94521,41118,6116,23865,2112,164,6499,132,6997,2230
94523,34789,4719,21322,1269,96,6046,235,5286,1102
94525,3665,313,2476,428,31,289,0,666,128
94526,33085,2954,24038,195,5,5337,0,2927,556
94528,1000,49,856,0,0,17,0,106,78
94530,26229,3641,12421,1251,187,7635,39,3877,1055
94531,44746,6459,12288,10929,693,9260,200,11547,4917
94533,78537,12794,25832,12991,480,10954,1004,30970,14482
94534,41122,5576,17606,4995,127,10020,674,7133,2124
94535,3863,568,2189,366,29,367,252,657,92
94536,70707,6305,19306,2732,302,35841,400,11449,5821
94538,67704,4560,13014,2265,571,38084,412,13225,8798
94539,52609,1973,6782,940,119,41291,200,2345,1304
94541,67785,10028,16769,7854,757,13373,1336,30345,17668
94542,14729,2238,5160,1798,221,3300,74,4011,1938
94544,76739,10074,13149,5649,914,21845,2742,34592,22366
94545,33186,3977,4696,2736,458,14039,433,11547,6847
94546,45848,5798,18401,3748,549,14481,107,9284,2764
94547,26245,3199,4405,4903,16,11521,210,3888,1991
94548,637,204,193,0,21,0,0,444,219
94549,28247,3452,21248,259,21,2974,0,2200,293
94550,49610,6232,32874,643,187,7475,167,8842,2032
94551,38739,5882,21218,670,520,6341,177,11358,3931
94552,14359,1520,5877,296,8,6341,34,1639,283
94553,48600,8273,31140,1488,402,5169,0,9058,2128
94555,37500,2527,5342,581,101,27539,175,2526,1235
94556,15922,1623,10166,96,0,3563,20,1296,454
94558,64552,9600,42417,708,789,1841,41,24118,9156
94559,27828,3546,17526,259,184,932,63,11513,5318
94560,47145,6630,11044,1727,387,20316,738,13499,6303
94561,45386,6628,22311,4006,97,4209,436,15301,7699
94562,0,0,0,0,0,0,0,0,0
94563,19409,2843,13243,77,70,3020,0,1219,156
94564,18835,2782,6347,2277,270,4661,16,5164,2482
94565,99933,19041,21759,12969,1119,17118,1147,48441,26780
94566,44782,4594,20680,377,257,16844,139,5784,1891
94567,673,20,480,1,0,7,0,318,165
94568,70542,7676,19662,2743,398,37719,241,7641,2103
94569,194,12,163,0,0,0,0,31,19
94571,10973,877,7311,1052,0,675,0,2771,1058
94572,8712,941,2759,1356,11,1903,128,2385,1614
94573,81,0,81,0,0,0,0,37,0
94574,7646,743,5391,60,52,92,9,2035,1299
94575,1005,91,632,49,5,158,4,272,66
94576,130,0,130,0,0,0,0,0,0
94577,47533,6429,13706,5954,884,13407,537,14661,6616
94578,41567,5029,8061,7671,229,10953,422,14542,9202
94579,19955,1861,4653,539,77,10721,289,3477,1815
94580,28866,3739,7783,1156,461,10396,370,10513,4961
94582,47182,3370,12478,1838,179,28454,187,2488,676
94583,39418,3742,18981,726,95,14588,10,4242,1276
94585,29290,5300,8306,6255,387,5066,355,9067,3621
94586,1011,118,767,2,2,92,3,138,27
94587,68141,6535,12221,3627,571,38075,588,13162,6524
94588,34423,2854,12881,968,166,15970,145,4272,1439
94589,30199,3629,7234,4704,269,7003,757,11759,6603
94590,37401,5195,11547,8096,512,5005,306,11893,6740
94591,58516,9772,15621,9126,569,16771,338,14147,6319
94592,922,176,381,60,33,234,8,234,30
94595,17051,1555,12853,316,99,1914,26,1362,288
94596,23592,2957,15774,388,86,3432,23,2686,932
94597,24235,3277,13773,1078,416,4818,130,4321,743
94598,26293,3234,17075,513,65,4692,109,2620,605
94599,3388,234,2733,145,18,105,23,588,130
94601,52289,5435,7321,7192,1398,9811,294,27731,20838
94602,31450,3593,13480,4965,240,5138,417,6255,3617
94603,36440,4031,2309,9270,531,1810,453,22911,18036
94605,44168,5023,8739,17683,265,3786,133,11901,8539
94606,38746,3716,8782,6529,759,12647,123,9602,6190
94607,27891,2731,7572,8541,225,6856,87,3696,1879
94608,33998,3672,13892,7984,408,5633,91,4358,2318
94609,24854,3289,11032,6257,101,2566,28,3395,1581
94610,32675,4172,17119,4403,230,5546,55,3737,1150
94611,39240,4731,23731,2643,168,6971,103,2850,893
94612,17663,1422,5761,4653,72,4815,8,1847,932
94613,529,66,257,36,4,141,0,160,25
94618,16845,1973,11591,570,36,2164,23,1505,488
94619,28044,3854,9677,5444,336,4729,83,6531,3921
94621,34658,4786,3024,8563,559,1383,148,21667,16195
94702,17073,2250,8620,2618,56,2549,40,2051,940
94703,20874,2550,11306,2717,54,3138,5,2956,1104
94704,24427,2771,9799,1206,158,8984,27,3292,1482
94705,14149,1362,10209,547,40,1488,2,1129,501
94706,20486,3037,9696,797,71,5868,4,2615,1013
94707,12728,1489,9057,147,15,1842,8,695,170
94708,11967,1294,9036,210,17,1085,54,745,271
94709,12179,876,6767,555,297,3423,12,1209,249
94710,8144,1076,4094,778,152,1110,27,1654,907
94720,5649,666,2039,366,48,2136,8,1241,386
94801,33564,6424,5287,3864,977,1920,167,22257,14925
94803,27588,4924,8802,3488,216,6507,201,8270,3450
94804,44679,6238,9615,8865,874,4787,414,20806,13886
94805,15356,2579,5708,1475,197,2609,16,5370,2772
94806,61749,10048,10537,8510,831,10094,143,31751,21586
94901,41095,4522,22217,319,617,2378,160,16667,10882
94903,31135,3244,21454,1256,125,2038,13,6004,3005
94904,13043,1079,10278,77,20,886,15,1648,688
94920,12682,889,10600,69,44,972,0,669,108
94922,312,125,144,0,23,0,20,0,0
94923,1457,9,1104,16,0,0,0,358,328
94924,1217,157,1009,0,0,11,0,166,40
94925,10101,1176,7591,171,0,647,0,1231,516
94928,46463,8720,27394,1334,599,3074,239,15172,5103
94929,224,37,187,0,0,0,0,37,0
94930,8564,619,7196,83,6,225,141,667,294
94931,9320,1280,6887,137,238,201,1,1792,576
94933,1255,237,686,57,28,89,0,324,158
94937,916,52,829,0,0,0,0,0,35
94938,540,27,513,0,0,0,0,0,0
94939,7372,888,5923,55,0,322,0,406,184
94940,275,0,275,0,0,0,0,32,0
94941,32349,2809,26582,348,18,1969,43,2415,580
94945,17280,1631,11446,562,118,1377,10,3907,2136
94946,727,31,621,13,1,24,0,51,37
94947,24360,4172,15788,616,30,1339,0,6354,2415
94949,18357,2917,10948,809,304,1351,0,4848,2028
94950,29,10,19,0,0,0,0,0,0
94951,3628,612,2880,0,0,37,0,1322,99
94952,33339,4322,25322,323,123,1050,47,6205,2152
94954,38000,6013,26459,586,520,1656,29,8706,2737
94956,1158,34,1059,1,0,0,0,103,64
94957,2151,182,1759,28,0,131,0,97,51
94960,15891,1551,12886,204,136,706,8,1336,400
94963,562,0,562,0,0,0,0,22,0
94964,2115,253,668,579,57,119,4,694,435
94965,12160,985,8277,823,25,1457,23,1264,570
94970,372,15,357,0,0,0,0,15,0
94971,315,0,315,0,0,0,0,0,0
94972,153,0,153,0,0,0,0,0,0
94973,1652,159,1417,0,0,0,0,76,76
95002,1639,193,321,33,0,378,0,961,714
95003,24708,2287,19453,82,83,804,111,3974,1888
95004,3917,641,2704,13,187,49,0,1235,323
95005,7150,405,6300,15,22,137,0,645,271
95006,8433,1458,6584,52,13,98,30,1495,198
95007,335,38,289,8,0,0,0,0,0
95008,48415,6030,24861,934,122,12365,428,9623,3675
95010,8697,872,6169,29,11,432,23,2672,1161
95012,11147,1315,2021,63,0,207,215,9720,7326
95013,42,0,42,0,0,0,0,0,0
95014,61109,2457,13505,605,219,43593,184,1801,546
95017,738,152,386,0,12,21,0,409,167
95018,6377,645,5232,7,31,95,12,518,355
95019,6235,1391,1437,289,0,166,0,5233,2952
95020,67945,23425,26229,1943,780,6264,223,38836,9081
95023,58374,20309,24692,622,1021,2184,90,37900,9456
95030,12969,855,9565,77,0,2258,24,981,190
95032,27682,2563,18041,469,0,5715,0,2594,894
95033,9884,1003,8005,8,0,593,0,1030,275
95035,78479,5271,9202,1601,260,56363,79,10493,5703
95037,51517,12486,26135,1103,277,8214,103,18666,3199
95039,1279,236,451,35,0,26,0,799,531
95041,846,100,727,0,0,19,0,35,0
95043,673,74,555,4,0,0,0,106,40
95045,4291,966,2661,57,16,95,0,2060,496
95046,6766,1595,3360,128,316,508,0,2963,859
95050,39827,3699,16568,1026,204,13240,437,8687,4653
95051,61345,5829,17430,739,341,32994,418,8075,3594
95053,3153,236,1832,126,30,754,4,486,171
95054,25196,2144,5467,810,7,14577,0,3568,2191
95060,46024,5537,32781,648,460,2578,82,10172,3938
95062,36047,4288,25930,609,337,1518,105,7298,3260
95064,9883,2008,3467,257,58,2991,13,2964,1089
95065,8031,803,5701,54,6,320,0,1712,1147
95066,15369,1398,12139,69,0,1008,0,1865,755
95070,31383,1859,10903,24,41,18392,0,800,164
95073,11487,1071,9547,7,63,347,0,2236,452
95075,575,141,326,0,4,9,62,197,33
95076,82409,15952,32079,495,1607,1904,81,59732,30291
95110,19444,3091,5744,830,415,3080,27,10613,6257
95111,58885,13006,11357,1399,1366,21429,530,30189,9798
95112,56766,10325,15755,2832,1081,15443,134,23452,11196
95113,2443,358,889,155,168,727,2,657,144
95116,48816,10643,8145,912,915,14280,359,28671,13562
95117,27798,2821,9931,2072,100,7572,48,8945,5254
95118,31831,4764,16299,581,244,7150,139,8466,2654
95119,10449,1780,4251,113,67,3501,0,2588,737
95120,38103,3308,17622,371,125,15483,153,2972,1041
95121,35722,3297,4638,981,696,22160,64,8653,3886
95122,52206,8740,5469,1126,814,18636,221,29711,17200
95123,70279,12837,29098,2598,563,18838,35,20596,6310
95124,51991,7544,27751,587,366,13442,143,8605,2158
95125,53934,8944,29241,1344,231,8953,132,15626,5089
95126,38239,7494,14450,1985,514,7645,27,13997,6124
95127,61091,9429,12302,1011,499,17267,675,33278,19908
95128,33585,4695,15330,1083,335,7536,154,10177,4452
95129,40896,1755,8478,879,105,26050,1198,3336,2431
95130,13491,1591,5383,343,2,5195,0,2426,977
95131,30745,2887,3346,400,293,21461,111,4800,2247
95132,39605,3401,6377,654,474,25083,0,6764,3616
95133,28561,2498,3206,748,263,17542,177,6929,4127
95134,30255,1634,5864,1061,17,19175,268,3929,2236
95135,20503,1532,5807,658,7,11672,139,1982,688
95136,47157,6944,16880,2121,356,16809,81,12374,3966
95138,19513,3405,4123,882,75,9678,95,4910,1255
95139,7113,1495,2600,188,6,1863,0,2560,961
95140,41,0,26,0,4,11,0,4,0
95148,45392,5588,7065,1166,269,28306,121,10691,2877
95202,6426,1342,1860,1588,27,407,39,3245,1163
95203,16628,2351,6358,1520,894,1824,108,9566,3573
95204,31028,5667,13265,2163,468,2883,16,14902,6566
95205,39154,8172,10030,2773,620,2588,178,29997,14793
95206,67501,13232,12842,8087,900,12734,184,40412,19522
95207,52441,12730,15816,7401,486,7055,493,22441,8460
95209,46567,10512,14348,5653,789,10666,233,16107,4366
95210,42103,8869,8182,4902,347,13289,474,16082,6040
95211,1190,52,880,18,2,196,0,117,42
95212,28013,3320,6753,1790,432,12153,80,6730,3485
95215,26032,6071,10151,1146,570,877,37,17006,7180
95219,31200,5726,12095,2908,186,6831,112,9319,3342
95220,7958,1725,5260,17,11,119,22,2744,804
95221,164,29,119,0,16,0,0,0,0
95222,5666,408,4885,53,125,4,6,468,185
95223,2934,130,2598,0,67,37,0,161,102
95224,265,0,209,0,56,0,0,43,0
95225,1224,192,1032,0,0,0,0,175,0
95226,0,0,0,0,0,0,0,0,0
95227,1036,0,1031,0,0,0,0,215,5
95228,4880,730,3923,79,0,44,0,1234,104
95230,495,19,214,0,0,0,0,332,262
95231,4339,1257,1853,434,23,187,0,2263,585
95232,151,0,151,0,0,0,0,0,0
95233,204,0,204,0,0,0,0,0,0
95236,4506,862,2912,95,6,23,0,1445,608
95237,3753,355,2814,5,140,28,3,1225,408
95240,50682,12958,21288,500,566,5986,101,24320,9283
95242,27860,4869,18909,357,172,2039,76,7117,1438
95245,3227,310,2461,179,56,87,0,468,134
95246,1701,0,1514,144,35,8,0,91,0
95247,3682,132,3445,0,0,0,0,160,105
95248,66,0,66,0,0,0,0,0,0
95249,4696,334,3853,69,68,200,0,626,172
95251,684,152,499,0,33,0,0,0,0
95252,13851,2188,10325,1,90,684,18,2516,545
95253,526,365,161,0,0,0,0,334,0
95254,316,0,304,0,0,0,0,12,12
95255,1755,530,1061,0,130,2,0,420,32
95257,427,15,412,0,0,0,0,29,0
95258,3868,779,2676,0,148,39,0,1093,226
95301,42374,4734,18229,1734,603,2718,324,22310,14032
95303,876,77,484,0,0,7,0,376,308
95304,14818,3307,6123,876,88,1888,38,5050,2498
95305,203,48,93,0,0,57,0,5,5
95306,869,52,701,0,17,11,0,100,88
95307,46209,15754,17487,493,422,3985,148,29638,7920
95309,0,0,0,0,0,0,0,0,0
95310,1783,134,1568,8,11,3,0,163,59
95311,2282,204,1737,0,33,7,0,570,301
95312,193,42,108,5,0,0,0,83,38
95313,1114,325,524,0,0,0,0,677,265
95315,13006,1646,3709,8,203,611,7,9885,6822
95316,7594,1457,5388,15,17,89,8,2133,620
95317,936,86,285,11,6,7,0,696,541
95318,572,34,525,0,13,0,0,34,0
95319,1580,135,971,8,0,13,0,831,453
95320,13511,2074,9859,38,15,66,26,3740,1433
95321,3870,255,3122,0,38,99,0,436,356
95322,9013,867,4132,23,227,217,0,6007,3547
95323,1409,333,963,0,13,12,0,448,88
95324,7862,639,5548,0,6,0,0,2702,1669
95325,0,0,0,0,0,0,0,0,0
95326,10662,2373,6703,236,232,255,111,3866,752
95327,8799,1117,6123,598,284,104,73,2085,500
95328,3939,1298,1398,0,192,578,0,2815,473
95329,2339,344,1753,45,27,6,2,501,162
95330,33015,7315,8248,2402,455,10695,229,11648,3671
95333,3203,865,1032,11,15,11,0,2656,1269
95334,17198,1626,3902,34,205,3148,122,11986,8161
95335,82,20,56,0,6,0,0,20,0
95336,49357,8786,26545,1220,355,3603,476,21191,8372
95337,46157,10577,18388,1939,269,9675,1031,17491,4278
95338,10164,962,8485,99,203,152,0,874,263
95340,38045,5147,16798,1167,375,3072,30,19424,11456
95341,34956,3701,7655,1301,302,2944,256,25491,18797
95345,318,0,294,0,1,5,0,0,18
95346,807,13,761,18,0,15,0,13,0
95348,36663,5525,11083,2611,90,5877,127,17939,11350
95350,55984,10428,31132,2885,966,3724,234,21779,6615
95351,47232,18853,14574,1598,785,2488,11,35923,8923
95354,26587,6983,12064,1643,293,1661,184,12727,3759
95355,60470,10849,35075,2623,734,5184,439,19869,5566
95356,33025,5197,19372,781,340,2963,736,10417,3636
95357,14283,2240,7483,853,254,820,191,6528,2442
95358,30994,10840,13052,426,357,1476,155,19676,4688
95360,13690,4443,6135,90,15,582,0,9329,2425
95361,35024,6145,24143,271,231,715,12,10580,3507
95363,30407,10600,10741,1340,283,1426,640,19647,5377
95364,0,0,0,0,0,0,0,0,0
95365,4009,622,927,26,53,0,0,3884,2381
95366,18440,2360,13575,205,173,939,105,4577,1083
95367,25303,7320,11950,439,478,1251,41,14895,3824
95368,14457,3835,6689,284,133,997,26,7794,2493
95369,802,22,458,0,10,3,7,353,302
95370,28373,2470,24232,220,331,380,180,3082,560
95372,1825,242,1517,0,16,8,0,272,42
95374,1652,263,786,0,0,30,11,903,562
95375,65,0,65,0,0,0,0,22,0
95376,54853,11643,20597,3089,730,7503,295,27375,10996
95377,36182,5733,11335,2392,478,12308,389,10830,3547
95379,3821,142,3223,61,270,3,10,565,112
95380,43731,6118,20961,678,393,1577,288,23653,13716
95382,39320,5753,24640,928,205,2820,32,12910,4942
95383,3663,96,3405,0,6,31,0,268,125
95385,671,155,512,0,0,0,0,291,4
95386,10410,2741,6452,83,58,365,98,5262,613
95387,1187,634,417,0,40,96,0,937,0
95388,13005,1242,2958,201,120,298,2,10428,8184
95389,2067,356,1241,125,23,96,0,665,226
95391,25193,2181,6581,1456,44,14002,0,2305,929
95401,36842,5728,19311,574,376,2124,115,15058,8614
95403,45570,6122,25921,983,932,2232,208,16784,9172
95404,37317,4759,23915,591,351,2742,288,9224,4671
95405,22811,2590,16898,272,233,640,391,4312,1787
95407,42135,5626,15192,1005,432,3039,86,24867,16755
95409,25960,2867,18871,190,335,1906,141,4745,1650
95410,642,67,543,0,0,25,0,72,7
95412,227,0,163,0,0,8,0,56,56
95415,1296,225,668,157,75,142,0,479,29
95417,208,0,190,0,0,17,1,0,0
95419,160,23,137,0,0,0,0,49,0
95420,349,102,230,1,0,14,0,44,2
95421,1453,135,1239,0,0,53,0,119,26
95422,17101,2649,10221,703,490,189,0,5185,2849
95423,3432,300,2471,47,93,44,1,635,476
95425,11410,1793,7950,108,134,154,13,3537,1258
95426,1265,1,1154,1,0,0,38,72,71
95427,609,0,609,0,0,0,0,33,0
95428,2667,351,1272,6,767,7,0,797,264
95429,108,0,108,0,0,0,0,0,0
95430,0,0,0,0,0,0,0,0,0
95431,47,1,23,23,0,0,0,1,0
95432,771,87,633,0,0,51,0,76,0
95435,340,0,340,0,0,0,0,0,0
95436,5999,1126,4186,157,45,146,70,677,269
95437,15106,2496,11253,50,404,266,0,3632,637
95439,708,52,598,0,0,0,0,213,58
95441,1842,221,1147,40,45,20,0,674,369
95442,2986,253,2463,0,30,48,0,344,192
95443,70,0,18,23,0,0,0,52,29
95444,748,61,308,20,45,0,0,388,314
95445,2102,708,1277,1,5,0,0,720,111
95446,4808,631,3824,5,73,33,0,744,242
95448,15868,2086,11498,25,137,220,20,4393,1882
95449,1828,434,960,0,93,5,23,701,313
95450,215,6,183,0,0,2,0,24,24
95451,12793,1457,8262,276,99,71,72,4797,2556
95452,1388,181,1045,0,0,153,0,121,9
95453,11888,1100,9078,120,575,166,109,1646,740
95454,1676,230,1026,23,144,29,11,172,213
95456,965,132,809,0,0,24,0,119,0
95457,3036,432,2035,19,48,87,3,666,412
95458,3365,329,2492,164,117,0,10,541,253
95459,718,160,472,0,41,0,0,217,45
95460,2144,93,1975,38,0,38,0,120,0
95461,3720,587,2760,61,2,56,0,810,254
95462,1122,86,949,0,8,18,0,117,61
95463,14,0,14,0,0,0,0,0,0
95464,2417,8,1361,14,401,63,0,700,570
95465,1154,25,969,0,15,42,23,140,80
95466,582,87,485,5,5,0,0,113,0
95467,5721,612,4738,27,0,16,0,740,328
95468,1992,366,1148,4,199,29,0,557,246
95469,1503,300,1065,54,4,14,0,264,66
95470,6122,635,4081,13,252,0,0,1934,1141
95471,604,0,579,0,0,25,0,80,0
95472,28588,2930,22245,382,110,784,60,4015,2077
95476,35139,4612,25215,414,242,580,24,9978,4052
95480,9,0,0,0,9,0,0,0,0
95482,33396,5984,21510,374,679,1099,46,10842,3704
95485,2900,469,2179,23,91,29,0,340,109
95486,15,0,15,0,0,0,0,0,0
95488,309,58,251,0,0,0,0,58,0
95490,14627,2608,10582,101,516,235,0,3315,585
95492,27455,3453,18031,361,1110,500,18,8954,3982
95493,91,0,62,0,0,29,0,0,0
95494,169,0,169,0,0,0,0,0,0
95497,1200,116,1010,0,22,52,0,30,0
95501,22972,2826,16399,564,276,1372,135,3305,1400
95503,24442,2614,18304,240,553,977,41,3370,1713
95511,77,0,77,0,0,0,0,0,0
95514,81,0,81,0,0,0,0,0,0
95519,18792,2696,14028,73,786,575,0,2126,634
95521,21684,2752,16211,459,253,499,120,3236,1390
95524,1770,100,1666,0,4,0,0,144,0
95525,1443,111,1168,0,68,33,16,93,47
95526,887,96,765,0,6,3,0,94,17
95527,708,12,619,0,77,0,0,0,0
95528,1415,126,1224,0,65,0,0,87,0
95531,22491,2681,15139,768,1071,829,92,4611,1911
95536,3360,647,2443,28,18,53,0,770,171
95537,512,0,442,70,0,0,0,0,0
95538,1065,88,919,0,31,0,27,105,0
95540,14641,1805,10449,107,370,401,0,2813,1509
95542,2831,259,2402,0,87,9,0,265,74
95543,401,60,299,2,0,0,0,47,40
95545,335,96,204,23,12,0,0,42,0
95546,2436,295,209,1,1798,121,0,105,12
95547,1144,131,938,0,55,19,0,180,1
95548,934,99,388,35,389,13,0,95,10
95549,1090,144,892,0,15,6,0,45,33
95550,206,45,161,0,0,0,0,1,0
95551,1870,199,1417,28,174,26,0,252,26
95552,433,0,420,0,1,0,0,12,12
95553,734,250,484,0,0,0,0,83,0
95554,352,22,297,0,0,0,0,33,33
95555,349,102,220,0,26,0,0,27,1
95556,854,23,711,0,120,0,0,9,0
95558,244,8,188,0,29,19,0,0,0
95559,0,0,0,0,0,0,0,0,0
95560,1350,0,1338,6,0,0,0,6,6
95562,3384,395,2069,66,243,105,0,1076,506
95563,584,124,323,114,17,5,1,1,0
95564,477,37,381,0,40,0,0,84,19
95565,891,204,667,0,15,0,0,102,5
95567,2349,71,1548,0,420,14,0,492,296
95568,201,32,86,0,24,59,0,57,0
95569,190,0,174,0,15,1,0,5,0
95570,2480,309,2041,0,40,22,0,207,68
95571,112,36,62,14,0,0,0,0,0
95573,990,0,823,0,25,0,52,55,90
95585,598,93,427,31,11,19,0,35,17
95587,0,0,0,0,0,0,0,0,0
95589,1467,118,1146,42,0,9,0,178,152
95595,307,8,269,8,22,0,0,0,0
95601,358,2,350,0,0,3,0,17,3
95602,19248,1270,16131,47,119,413,39,2766,1229
95603,28195,3100,22910,193,189,797,71,4682,935
95604,24,0,24,0,0,0,0,0,0
95605,14711,3119,6601,745,62,1440,30,6925,2714
95606,230,0,195,0,20,0,0,28,15
95607,271,28,233,0,0,0,0,106,10
95608,63052,6679,44292,3839,330,5205,374,9644,2333
95610,46759,5292,34369,1686,469,1465,10,9091,3468
95612,1519,69,1324,0,0,61,0,629,65
95613,0,0,0,0,0,0,0,0,0
95614,4504,417,3807,0,0,92,0,646,188
95615,978,244,307,0,0,28,0,611,399
95616,51863,5834,28737,1038,412,13314,243,8061,2285
95618,27007,2943,15747,837,290,6403,47,4837,740
95619,6362,320,5437,38,74,295,32,1499,166
95620,22367,3004,14121,284,36,904,15,9285,4003
95621,41747,4611,29279,978,283,2353,310,8087,3933
95623,4725,459,4102,29,27,46,0,654,62
95624,68036,9315,27037,6018,294,19273,1182,11482,4917
95625,248,0,248,0,0,0,0,22,0
95626,4974,394,3910,139,83,139,0,927,309
95627,3935,649,2439,420,15,126,0,1613,286
95628,43783,5222,33286,831,287,2090,176,5912,1891
95629,1047,115,843,0,37,14,0,49,38
95630,77952,8299,48514,2292,254,15959,177,10146,2457
95631,6934,1001,5475,0,231,31,0,1160,196
95632,31889,4976,17958,606,710,1564,48,14058,6027
95633,2653,195,2374,0,9,59,0,436,16
95634,3792,204,3413,19,28,94,0,372,34
95635,1424,72,1346,0,6,0,0,190,0
95636,1387,107,1238,26,0,0,0,33,16
95637,374,41,284,0,0,0,0,28,49
95638,2295,208,1677,162,3,38,0,489,207
95639,286,26,240,0,0,0,0,230,20
95640,12811,2130,8475,569,291,115,14,2723,1217
95641,2086,179,1266,10,0,45,0,748,586
95642,7350,755,5875,103,109,302,0,1232,206
95645,1363,123,889,0,21,0,0,977,330
95646,406,78,313,2,0,0,0,108,13
95648,56597,7176,41831,880,400,3800,116,10365,2394
95650,13314,1356,11175,7,69,352,0,1025,355
95651,623,136,322,0,0,165,0,129,0
95652,1665,414,833,290,16,10,0,367,102
95653,682,94,460,1,2,0,0,608,125
95655,5029,760,3092,384,20,359,0,832,414
95658,6197,439,5269,158,136,89,0,587,106
95659,673,175,453,5,4,7,0,180,29
95660,35668,5741,17890,3465,321,2578,77,13103,5596
95661,32599,4275,23945,528,184,3032,67,5014,568
95662,31895,3785,24996,630,277,870,93,4959,1244
95663,3126,440,2542,0,2,49,0,263,93
95664,1261,78,1042,98,0,43,0,44,0
95665,4903,655,4099,0,0,19,0,554,130
95666,6089,567,5232,22,15,79,12,767,162
95667,36286,3032,30545,234,372,405,23,5094,1675
95668,540,50,414,3,59,5,0,119,9
95669,2359,344,1803,59,40,4,0,423,109
95670,59314,7340,32987,5821,752,7032,373,12493,5009
95671,4188,597,979,1915,70,56,15,1437,556
95672,5630,286,5156,2,63,82,0,782,41
95673,16935,1274,11156,463,50,1395,19,4318,2578
95674,992,200,637,30,8,33,47,94,37
95675,345,0,345,0,0,0,0,21,0
95676,91,8,83,0,0,0,0,91,0
95677,28873,4253,20650,355,205,2075,38,4334,1297
95678,45744,7707,30426,908,351,3822,158,10409,2372
95679,113,0,113,0,0,0,0,0,0
95680,10,0,10,0,0,0,0,0,0
95681,1525,19,1177,41,23,0,0,374,265
95682,29249,2407,24680,48,199,609,31,3752,1275
95683,6128,721,4595,262,4,385,0,1203,161
95684,2637,295,2228,11,0,44,0,431,59
95685,4611,409,3938,70,0,14,0,514,180
95686,1123,221,490,62,0,9,0,626,341
95687,69741,9084,38381,7346,746,7244,424,18267,6516
95688,39216,5071,25279,1905,239,4159,147,10027,2416
95689,1065,56,865,0,0,37,0,50,107
95690,1793,195,762,15,53,66,0,963,702
95691,39894,6601,21313,1356,463,5768,202,11582,4191
95692,4966,903,3748,1,13,81,3,1012,217
95693,7623,812,4661,163,117,719,0,1875,1151
95694,10156,1651,6427,99,0,200,11,4347,1768
95695,38787,8275,22301,510,607,1520,330,20001,5244
95697,264,0,122,0,0,0,0,245,142
95698,255,72,183,0,0,0,0,108,0
95699,86,0,75,0,0,0,0,11,11
95701,1077,61,943,2,0,17,0,36,54
95703,2099,347,1554,111,0,13,24,207,50
95709,5844,523,5072,31,12,129,64,591,13
95713,10471,988,8923,33,22,167,0,1234,338
95714,383,14,365,0,0,0,0,14,4
95715,85,1,84,0,0,0,0,0,0
95717,111,12,99,0,0,0,0,21,0
95720,52,8,44,0,0,0,0,0,0
95721,0,0,0,0,0,0,0,0,0
95722,4439,447,3824,0,4,72,59,431,33
95726,8229,588,7102,100,67,230,34,840,108
95728,593,45,504,0,0,44,0,25,0
95735,54,0,54,0,0,0,0,0,0
95736,187,100,73,0,0,14,0,114,0
95742,16287,2131,7620,1131,43,4645,114,2480,603
95746,22549,1828,17190,577,22,2368,18,2210,546
95747,78987,8860,50825,2219,57,14152,63,10460,2811
95757,54535,7568,13889,6115,280,22138,543,10086,4002
95758,65999,9292,24092,8307,349,18169,1055,12844,4735
95762,47262,5259,33585,849,21,6147,0,4685,1401
95765,43225,5882,28608,661,76,5835,51,6345,2112
95776,27189,5560,12820,852,147,3628,72,12509,4110
95811,8487,1033,4727,671,146,1086,172,1779,652
95814,12355,1416,6741,1647,113,1553,53,2538,832
95815,26511,3713,8250,3299,814,3027,204,11168,7204
95816,19079,2340,13917,572,90,952,24,3755,1184
95817,14123,1855,6888,1865,290,1583,202,3407,1440
95818,22798,3440,14457,798,330,2096,479,4969,1198
95819,20173,2667,14177,518,78,1347,18,3887,1368
95820,35359,5841,14428,3957,336,3791,542,14388,6464
95821,38372,4748,20715,3202,207,5140,0,7799,4360
95822,46269,7993,15606,5727,470,8466,1122,15532,6885
95823,83254,13220,13517,15091,1194,20798,3279,29312,16155
95824,32432,4046,5863,3424,701,9461,657,13979,8280
95825,37077,6212,16136,4866,301,4489,415,8790,4658
95826,40500,5688,21459,4642,301,4382,173,9360,3855
95827,21032,2485,11344,2689,308,2113,183,4981,1910
95828,60532,7313,12746,6462,366,23170,2508,16041,7967
95829,31370,3677,8900,2836,96,12881,481,6265,2499
95830,592,25,306,205,0,54,0,54,2
95831,44366,6821,15666,6934,245,11876,211,8627,2613
95832,12973,2079,2443,1713,207,4318,363,4605,1850
95833,40205,8198,14529,5114,384,4080,423,16445,7477
95834,35062,5492,10166,5610,219,10290,387,9694,2898
95835,41678,6169,14151,5553,291,12617,242,7873,2655
95837,263,0,261,0,0,2,0,0,0
95838,40295,6169,11557,5852,337,7351,712,14858,8317
95841,21232,2831,14001,1974,73,1301,36,3613,1016
95842,35031,4755,17981,4267,523,4190,43,8048,3272
95843,48321,4983,28766,5416,452,6111,532,6811,2061
95864,25137,2412,18460,525,147,1941,14,3647,1638
95901,36807,6416,21882,1261,833,3317,90,10195,3008
95903,2072,299,1336,191,57,123,0,284,66
95910,35,0,35,0,0,0,0,0,0
95912,5048,1064,2648,0,41,11,0,3379,1284
95913,266,14,127,0,0,0,0,150,125
95914,459,5,392,14,10,0,0,72,38
95915,0,0,0,0,0,0,0,0,0
95916,765,26,696,0,26,0,4,54,13
95917,3561,504,2818,0,0,27,0,904,212
95918,1842,401,1354,31,0,45,11,197,0
95919,1110,64,1040,6,0,0,0,33,0
95920,171,21,92,0,16,13,0,59,29
95922,495,117,364,0,12,0,1,63,1
95923,60,3,55,0,0,2,0,3,0
95925,219,69,117,33,0,0,0,82,0
95926,42143,5628,30171,1241,349,2421,123,8512,2210
95928,37533,4522,27790,618,224,1383,304,7593,2692
95929,0,0,0,0,0,0,0,0,0
95930,412,0,412,0,0,0,0,0,0
95932,7672,1388,3788,207,195,127,12,3962,1955
95934,57,0,57,0,0,0,0,0,0
95935,564,0,513,0,0,39,0,36,12
95936,191,33,142,8,0,0,0,40,8
95937,996,182,732,18,13,51,0,254,0
95938,4327,243,3027,247,5,217,0,742,588
95939,323,5,228,14,51,7,0,27,18
95941,342,164,91,0,61,5,0,0,21
95942,2190,186,1958,0,0,0,0,215,46
95943,536,57,475,0,0,0,0,89,4
95944,91,0,91,0,0,0,0,0,0
95945,27675,2426,23686,93,103,278,5,3027,1084
95946,9448,1185,7882,17,71,92,0,1366,201
95947,1105,50,1050,2,3,0,0,34,0
95948,11118,1378,7912,7,133,163,0,4013,1525
95949,20709,1707,18172,36,253,185,21,1744,335
95950,452,78,257,0,0,0,0,191,117
95951,2743,811,522,0,0,90,0,2305,1320
95953,10945,1800,5010,32,267,1862,225,4446,1749
95954,8488,1026,6845,7,10,173,12,847,415
95955,1311,451,564,0,1,0,0,887,295
95956,486,0,476,0,10,0,0,10,0
95957,770,81,528,7,13,0,5,203,136
95958,0,0,0,0,0,0,0,0,0
95959,18017,1799,15325,116,10,506,0,1527,261
95960,568,22,541,0,0,5,0,9,0
95961,33439,5919,18519,1531,377,2749,132,12915,4212
95962,1136,78,994,0,13,8,43,10,0
95963,16483,1766,11064,14,277,210,0,7120,3152
95965,20854,2677,12290,696,545,3294,34,4249,1318
95966,29335,4215,20781,624,644,1636,87,5282,1348
95968,1346,137,766,0,56,27,0,590,360
95969,7804,844,6543,42,92,134,19,614,130
95970,494,6,395,50,5,0,0,110,38
95971,6288,725,5107,251,101,53,4,507,47
95972,0,0,0,0,0,0,0,0,0
95973,37977,3715,28944,216,420,1855,61,7034,2766
95974,93,22,48,0,0,0,0,0,23
95975,1615,33,1576,0,0,6,0,0,0
95977,1738,227,1309,21,43,76,0,231,62
95978,283,0,283,0,0,0,0,29,0
95979,475,45,340,50,8,5,0,55,27
95981,60,0,60,0,0,0,0,0,0
95982,2971,406,2328,1,93,127,0,521,16
95983,360,105,206,0,0,0,0,163,49
95984,209,0,209,0,0,0,0,0,0
95986,110,0,110,0,0,0,0,0,0
95987,6489,1328,3269,4,47,2,2,5044,1837
95988,9060,1576,5382,144,99,457,22,3022,1380
95991,42490,8272,20518,1070,801,5455,36,17310,6338
95993,38957,4628,19391,566,359,9793,46,8883,4174
96001,34109,3296,28196,366,496,699,184,3469,872
96002,34023,4030,25665,479,832,2021,87,4537,909
96003,44068,4418,35388,454,615,1858,105,4664,1230
96006,513,12,495,0,0,3,0,19,3
96007,25009,3063,19499,52,483,825,0,3752,1087
96008,1086,35,1005,23,7,0,0,94,16
96009,380,13,354,0,1,12,0,20,0
96010,119,84,0,0,0,6,0,29,29
96011,157,6,137,5,2,2,0,11,5
96013,3929,321,3334,78,125,9,0,234,62
96014,285,0,275,0,10,0,0,0,0
96015,523,14,420,4,1,80,0,94,4
96016,297,10,287,0,0,0,0,10,0
96017,132,17,110,0,3,2,0,14,0
96019,10413,1288,8402,10,172,406,28,940,107
96020,2404,93,2288,13,0,0,0,352,10
96021,15076,3065,8308,18,35,455,11,7643,3184
96022,16497,1818,13273,97,220,419,0,1854,670
96023,1128,174,878,0,9,24,0,366,43
96024,1029,48,950,0,18,0,0,130,13
96025,2150,288,1707,44,25,32,0,263,54
96027,1872,209,1613,12,23,15,0,186,0
96028,1667,387,1197,9,46,0,0,365,28
96029,117,9,93,0,0,0,0,23,15
96031,70,12,54,0,4,0,0,0,0
96032,2629,197,2038,6,343,11,6,237,28
96033,245,25,205,0,0,14,0,18,1
96034,325,3,308,12,0,0,0,3,2
96035,3968,967,2124,7,84,0,0,1856,786
96037,131,0,131,0,0,0,0,0,0
96038,399,35,349,15,0,0,0,15,0
96039,647,123,367,0,123,9,0,62,25
96040,88,2,84,2,0,0,0,22,0
96041,3413,100,2804,0,0,305,0,284,204
96044,1181,286,833,0,25,30,0,124,7
96046,410,190,49,0,171,0,0,0,0
96047,857,96,718,0,26,7,10,69,0
96048,1197,169,1007,0,0,7,0,41,14
96050,369,20,307,0,19,17,0,10,6
96051,885,46,800,7,0,4,0,102,28
96052,2817,371,2385,21,0,24,0,268,16
96054,242,2,236,0,1,0,0,3,3
96055,3404,633,2447,0,4,43,0,1158,277
96056,1535,146,1145,0,57,137,0,112,50
96057,1076,135,876,9,34,12,6,67,4
96058,706,274,331,69,0,24,0,374,8
96059,731,0,422,0,0,29,0,280,280
96061,38,0,38,0,0,0,0,0,0
96062,1074,156,870,0,10,0,0,54,38
96063,107,0,95,0,0,12,0,0,0
96064,4696,515,3765,83,170,48,9,493,106
96065,346,78,254,0,14,0,0,81,0
96067,7800,675,6637,63,61,131,149,683,84
96068,152,29,43,18,0,62,0,46,0
96069,1371,356,980,3,7,9,0,286,16
96071,17,0,17,0,0,0,0,0,0
96073,5633,635,4795,35,63,16,0,269,89
96074,225,34,131,34,7,14,0,57,5
96075,330,43,260,22,0,0,0,30,5
96076,140,8,100,0,17,15,0,11,0
96078,95,0,95,0,0,0,0,0,0
96080,31149,4127,23584,470,945,426,82,6020,1515
96084,760,110,572,0,24,41,0,99,13
96085,65,0,46,0,17,2,0,0,0
96086,307,52,206,0,46,3,0,42,0
96087,819,30,773,0,16,0,0,14,0
96088,4552,483,3810,0,73,14,22,385,150
96090,395,69,282,0,6,0,0,114,38
96091,761,6,685,0,12,2,34,7,22
96092,511,154,301,0,0,0,0,223,56
96093,3626,135,2839,4,24,39,49,137,536
96094,6674,565,4967,276,105,262,6,1075,493
96096,717,75,634,0,0,0,0,107,8
96097,10220,1016,8510,140,376,30,0,1254,148
96101,4868,407,3907,57,92,11,0,591,394
96103,1301,23,1242,0,0,0,0,27,36
96104,883,37,773,6,2,9,0,78,56
96105,493,96,291,0,54,0,52,0,0
96106,359,0,359,0,0,0,0,0,0
96107,668,71,471,0,0,39,0,176,87
96108,103,0,103,0,0,0,0,0,0
96109,1182,151,993,0,0,38,0,167,0
96110,82,0,77,5,0,0,0,0,0
96111,22,0,22,0,0,0,0,0,0
96112,172,2,93,0,75,0,0,16,2
96113,2310,161,1505,442,119,34,4,742,45
96114,2797,156,2342,0,61,12,0,348,226
96115,109,0,109,0,0,0,0,0,0
96116,0,0,0,0,0,0,0,0,0
96117,249,69,180,0,0,0,0,55,0
96118,1492,36,1419,0,37,0,0,85,0
96119,28,0,0,0,0,0,0,0,28
96120,1273,53,745,0,458,8,0,141,9
96121,169,0,169,0,0,0,0,0,0
96122,4492,253,3891,0,167,115,0,715,66
96123,77,13,56,5,0,0,0,3,3
96124,253,0,253,0,0,0,0,0,0
96125,226,15,211,0,0,0,0,0,0
96126,233,5,108,0,0,0,0,137,120
96128,642,73,541,1,23,0,0,100,4
96129,411,0,411,0,0,0,0,0,0
96130,20892,3562,13417,2105,493,295,290,5366,730
96132,17,2,10,5,0,0,0,0,0
96133,242,221,21,0,0,0,0,178,0
96134,2347,576,1609,7,45,0,0,984,110
96135,114,0,114,0,0,0,0,0,0
96136,74,0,74,0,0,0,0,0,0
96137,2717,228,2368,0,119,0,0,259,2
96140,1099,201,835,0,0,63,0,117,0
96141,621,5,608,0,0,6,0,7,2
96142,821,26,773,4,18,0,0,27,0
96143,2852,296,2079,0,0,44,0,1240,433
96145,3291,126,2926,74,0,102,35,133,28
96146,1120,95,983,7,0,0,0,109,35
96148,462,27,322,0,0,0,0,150,113
96150,29527,3208,21331,159,293,1642,57,7025,2837
96155,0,0,0,0,0,0,0,0,0
96161,19231,2076,16200,52,0,435,49,2360,419
,,,,,,,,,
,39241220,6409920,17248046,2173239,445183,5996944,147709,,6820179